ProjectID,GyosekiNo,DataSource,Status,ReconciliationNotes,GitHub_PDF_Link,INBUDS_ArticleID,INBUDS_MediaID,ArticleType,Language,AuthorshipType,Author_FamilyName,Author_FirstName,Author_FamilyName_Roman,Author_FirstName_Roman,Author_FamilyName_Yomi,Author_FirstName_Yomi,Author_Affiliation,Title,Title_Yomi,Subtitle,Title_JA_Translation,Title_EN_Translation,Subtitle_JA_Translation,Subtitle_EN_Translation,PageStart,PageEnd,PageWritingDirection,Publication_MediaName,Publication_MediaName_Yomi,Publication_MediaName_EN,Publication_PartName,Publication_Theme,Publication_Editor,Publisher,Publication_Country,Publication_Place,Publication_Date,Volume,Issue,SerialNumber,ISSN,ISBN,Keyword_Region,Keyword_Period,Keyword_Field,Keyword_Person,Keyword_Document,Keyword_Term
msk0010,論文-1,GyosekiWord,,,,,,1,1,1,村上,真完,Murakami,Shinkan,ムラカミ,シンカン,,阿含に於ける四梵住について,,,,,,,154,155,,印度学仏教学研究,,,,,,,,,1960年3月,8,2,,,,,,,,,
msk0020,論文-2,GyosekiWord,,,,,,1,1,1,村上,真完,Murakami,Shinkan,ムラカミ,シンカン,,阿含に於ける生天思想の一断面,,慈悲あるいは四梵住との関連に於いて,,,,,80,81,,仏教論叢,,,,,,,,京都,1960年3月,8,,,,,,,,,,
msk0030,論文-3,GyosekiWord,,,,,,1,1,1,村上,真完,Murakami,Shinkan,ムラカミ,シンカン,,阿含に於ける四梵住について,,,,,,,77,91,,法然学会論叢,,,,,,,,,1960年11月,創刊号,,,,,,,,,,
msk0040,論文-4,GyosekiWord,,,,,,1,1,1,村上,真完,Murakami,Shinkan,ムラカミ,シンカン,,過去佛について,,,,,,,128,129,,印度学仏教学研究,,,,,,,,,1961年3月,9,2,,,,,,,,,
msk0050,論文-5,GyosekiWord,,,,,,1,1,1,村上,真完,Murakami,Shinkan,ムラカミ,シンカン,,Mahāparinirvāṇasūtra（大般涅槃経）における二，三の問題,,,,,,,93,94,,宗教研究,,,,,,,,,1961年12月,,170,,,,,,,,,
msk0060,論文-6,GyosekiWord,,,,,,1,1,1,村上,真完,Murakami,Shinkan,ムラカミ,シンカン,,阿含ニカーヤの偈頌について,,,,,,,286,289,,印度学仏教学研究,,,,,,,,,1962年1月,10,1,,,,,,,,,
msk0070,論文-7,GyosekiWord,,,,,,1,1,1,村上,真完,Murakami,Shinkan,ムラカミ,シンカン,,ベゼクリク第九号窟寺銘文による誓願画の考察,,,,,,,27,44,,美術研究,,,,,,,,,1962年3月,,218,,,,,,,,,
msk0080,論文-8,GyosekiWord,,,,,,1,1,1,村上,真完,Murakami,Shinkan,ムラカミ,シンカン,,誓願について,,特に根本説一切有部律における,,,,,1,8,,東北印度学宗教学会学報,,,,,,,,,1962年5月,,,,,,,,,,,
msk0090,論文-9,GyosekiWord,,,,,,1,1,1,村上,真完,Murakami,Shinkan,ムラカミ,シンカン,,Daśottarasūtra（十上経）について,,,,,,,112,113,,宗教研究,,,,,,,,,1963年1月,,174,,,,,,,,,
msk0100,論文-10,GyosekiWord,,,,,,1,1,1,村上,真完,Murakami,Shinkan,ムラカミ,シンカン,,因縁相応の梵文資料,,印度古塔出土の煉瓦銘文の内容比定,,,,,158,161,,印度学仏教学研究,,,,,,,,,1964年1月,12,1,,,,,,,,,
msk0110,論文-11,GyosekiWord,,,,,,1,1,1,村上,真完,Murakami,Shinkan,ムラカミ,シンカン,,Paṇidhi誓願,,ニカーヤ阿含における,,,,,42,44,,仏教論叢,,,,,,,,,1964年10月,10,,,,,,,,,,
msk0120,論文-12,GyosekiWord,,,,,,1,1,1,村上,真完,Murakami,Shinkan,ムラカミ,シンカン,,縁起成道説資料,,,,,,,187,191,,印度学仏教学研究,,,,,,,,,1965年1月,13,1,,,,,,,,,
msk0130,論文-13,GyosekiWord,,,,,,1,1,1,村上,真完,Murakami,Shinkan,ムラカミ,シンカン,,Samādhirājasūtraの本文発達について,,,,,,,199,204,,印度学仏教学研究,,,,,,,,,1966年3月,14,2,,,,,,,,,
msk0140,論文-14,GyosekiWord,,,,,,1,1,1,村上,真完,Murakami,Shinkan,ムラカミ,シンカン,,月燈三昧経における仏陀観,,,,,,,105,120,,日本仏教学会年報,,,,,,,,,1966年3月,31,,,,,,,,,,
msk0150,論文-15,GyosekiWord,,,,,,1,1,1,村上,真完,Murakami,Shinkan,ムラカミ,シンカン,,Samādhirājasūtra研究1，17， 38-39 章の比較対照,,,,,,,65,80,,八戸工業高等専門学校紀要,,,,,,,,,1966年12月,1,,,,,,,,,,
msk0160,論文-16,GyosekiWord,,,,,,1,1,1,村上,真完,Murakami,Shinkan,ムラカミ,シンカン,,原始仏教における救いについて,,,,,,,13,14,,東北印度学宗教学会会報,,,,,,,,,1967年1月,3,,,,,,,,,,
msk0170,論文-17,GyosekiWord,,,,,,1,1,1,村上,真完,Murakami,Shinkan,ムラカミ,シンカン,,Samādhirājasūtra 第一章，第十七章，第三十八-三十九章,,,,,,,234,240,,印度学仏教学研究,,,,,,,,,1967年3月,15,2,,,,,,,,,
msk0180,論文-18,GyosekiWord,,,,,,1,1,1,村上,真完,Murakami,Shinkan,ムラカミ,シンカン,,月燈三昧経における戒の問題,,,,,,,47,65,,日本仏教学会年報,,,,,,,,,1967年3月,32,,,,,,,,,,
msk0190,論文-19,GyosekiWord,,,,,,1,1,1,村上,真完,Murakami,Shinkan,ムラカミ,シンカン,,Samādhirājasūtraの語彙研究,,,,,,,72,109,,八戸工業高等専門学校紀要,,,,,,,,,1967年12月,2,,,,,,,,,,
msk0200,論文-20,GyosekiWord,,,,,,1,1,1,村上,真完,Murakami,Shinkan,ムラカミ,シンカン,,Samādhirājasūtraの成立について,,,,,,,359,362,,印度学仏教学研究,,,,,,,,,1968年3月,16,2,,,,,,,,,
msk0210,論文-21,GyosekiWord,,,,,,6,1,1,村上,真完,Murakami,Shinkan,ムラカミ,シンカン,,前田恵学著『原始仏教聖典の成立史研究』における若干の問題について,,,,,,,136,146,,文化,,,,,,,,,1968年3月,31,4,,,,,,,,,
msk0220,論文-22,GyosekiWord,,,,,,1,1,1,村上,真完,Murakami,Shinkan,ムラカミ,シンカン,,慈悲・愛,,初期仏教資料における,,,,,68,69,,東北印度学宗教学会論集,,,,,,,,,1968年5月,1,,,,,,,,,,
msk0230,論文-23,GyosekiWord,,,,,,1,1,1,村上,真完,Murakami,Shinkan,ムラカミ,シンカン,,Rāṣṭrapālaparipṛcchāの語彙,,,,,,,61,83,,八戸工業高等専門学校紀要,,,,,,,,,1968年12月,3,,,,,,,,,,
msk0231,論文-24,GyosekiWord,,,,,,1,1,1,村上,真完,Murakami,Shinkan,ムラカミ,シンカン,,Rastrapalapariprcchaの成立について,,,,,,,61,83,,印度学仏教学研究,,,,,,,,,1969年3月,17,2,,,,,,,,,
msk0240,論文-25,GyosekiWord,,,,,,1,1,1,村上,真完,Murakami,Shinkan,ムラカミ,シンカン,,Pūrvayogaについて,,,,,,,61,83,,印度学仏教学研究,,,,,,,,,1969年3月,17,2,,,,,,,,,
msk0250,論文-26,GyosekiWord,,,,,,1,1,1,村上,真完,Murakami,Shinkan,ムラカミ,シンカン,,佛伝としての過去現在因果経,,,,,,,1,11,,絵因果経,,,,,亀田 孜,角川書店,,,1969年4月,,,,,,,,,,,
msk0260,論文-27,GyosekiWord,,,,,,1,1,1,村上,真完,Murakami,Shinkan,ムラカミ,シンカン,,阿含に関するサンスクリット資料について,,,,,,1,8,,,国訳一切経印度選述部月報『三蔵』,,,,,,,,,1969年12月,9,,,,,,,,,,
msk0270,論文-28,GyosekiWord,,,,,,1,1,1,村上,真完,Murakami,Shinkan,ムラカミ,シンカン,,Praśāntaviniścayaprātihāryasūtraについて,,,,,,426,430,,,印度学仏教学研究,,,,,,,,,1970年3月,18,2,,,,,,,,,
msk0280,論文-29,GyosekiWord,,,,,,1,1,1,村上,真完,Murakami,Shinkan,ムラカミ,シンカン,,マイトリ・ウパニシャッドにおける無我について,,,,,,1,32,,,文化,,,,,,,,,1970年8月,34,1 • 2,,,,,,,,,
msk0290,論文-30,GyosekiWord,,,,,,1,1,1,村上,真完,Murakami,Shinkan,ムラカミ,シンカン,,原始仏教における愛と慈悲,,,,,,,41,82,,宗教研究,,,,,,,,,1971年1月,,205,,,,,,,,,
msk0300,論文-31,GyosekiWord,,,,,,1,1,1,村上,真完,Murakami,Shinkan,ムラカミ,シンカン,,Nirātmanとanātman,,マィトリ・ウバニシャッドの無我と原始仏教,,,61,68,,,,印度学仏教学研究,,,,,,,,,1971年3月,19,2,,,,,,,,,
msk0310,論文-32,GyosekiWord,,,,,,1,1,1,村上,真完,Murakami,Shinkan,ムラカミ,シンカン,,ヤージュニヤヴァルクヤのアートマン説と原始仏教,,,,,,114,116,,,宗教研究,,,,,,,,,1971年3月,,206,,,,,,,,,
msk0320,論文-33,GyosekiWord,,,,,,1,1,1,村上,真完,Murakami,Shinkan,ムラカミ,シンカン,,慈悲行の成立に関して,,,,,,,1,11,,日本仏教社会福祉学会年報,,,,,,,,,1971年3月,2•3,,,,,,,,,,
msk0330,論文-34,GyosekiWord,,,,,,1,1,1,村上,真完,Murakami,Shinkan,ムラカミ,シンカン,,大乗における在家と出家の問題,,大乗仏教成立史論に関連して,,,1,18,,,,仏教史学,,,,,,,,,1971年5月,15,1,,,,,,,,,
msk0340,論文-35,GyosekiWord,,,,,,1,1,1,村上,真完,Murakami,Shinkan,ムラカミ,シンカン,,Pūrvayoga（過去の因縁）,,大乗経典の過去世物語に関連して,,,32,60,,,,密教文化,,,,,,,,,1971年6月,95,,,,,,,,,,
msk0350,論文-36,GyosekiWord,,,,,,1,1,1,村上,真完,Murakami,Shinkan,ムラカミ,シンカン,,アートマンと光の表象,,古ウパニシャッドと原始仏教,,,110,114,,,,印度学仏教学研究,,,,,,,,,1971年12月,20,1,,,,,,,,,
msk0360,論文-37,GyosekiWord,,,,,,1,1,1,村上,真完,Murakami,Shinkan,ムラカミ,シンカン,,月燈三昧経と無量寿経,,,,,,,2,6,,浄全月報,,,,,,,,,1972年1月,19,,,,,,,,,,
msk0370,論文-38,GyosekiWord,,,,,,1,1,1,村上,真完,Murakami,Shinkan,ムラカミ,シンカン,,古ウパニシャドのアートマン（我）と原始仏教,,光の表象と自洲自帰依をめぐって,,,143,184,,,,文化,,,,佐藤博士古稀記念,,,,,1972年8月,36,1 • 2,,,,,,,,,
msk0380,論文-39,GyosekiWord,,,,,,1,1,1,村上,真完,Murakami,Shinkan,ムラカミ,シンカン,,サーンクャ（数論）の解脱の主体について,,サーンクャ・カーリカー（数論頌）六四をめぐって,,,393,422,,,,佛教思想論叢,,,,,,山喜房仏書林,,,1972年11月,,,,,,,,,,,
msk0390,論文-40,GyosekiWord,,,,,,1,1,1,村上,真完,Murakami,Shinkan,ムラカミ,シンカン,,サーンクヤ哲学における解脱の問題,,,,,,74,79,,,印度学仏教学研究,,,,,,,,,1972年12月,21,1,,,,,,,,,
msk0400,論文-41,GyosekiWord,,,,,,1,1,1,村上,真完,Murakami,Shinkan,ムラカミ,シンカン,,サーンクヤ哲学と無我の問題,,,,,,,103,105,,宗教研究,,,,,,,,,1973年3月,214,,,,,,,,,,
msk0410,論文-42,GyosekiWord,,,,,,1,1,1,村上,真完,Murakami,Shinkan,ムラカミ,シンカン,,サンスクリット本城邑経（nagara）,,十支縁起と十二縁起（その一）,,,20,47,,,,仏教研究,,,,,,,,,1973年8月,3,,,,,,,,,,
msk0420,論文-43,GyosekiWord,,,,,,1,1,1,村上,真完,Murakami,Shinkan,ムラカミ,シンカン,,サーンクヤ哲学おけるプルシャ（霊我）の偏在と一・多の問題,,,,,,35,94,,,東北大学日本文化研究所研究報告,,,,,,,,,1974年3月,10,,,,,,,,,,
msk0430,論文-44,GyosekiWord,,,,,,1,1,1,村上,真完,Murakami,Shinkan,ムラカミ,シンカン,,サーンクヤ哲学と無我の問題（序説）,,,,,,,36,117,,東北大学文学部研究年報,,,,,,,,,1974年3月,23,,,,,,,,,,
msk0440,論文-45,GyosekiWord,,,,,,1,1,1,村上,真完,Murakami,Shinkan,ムラカミ,シンカン,,プルシャとアートマン,,マイトリ・ウパニシャッドの用例とサーンクャ哲学,,,83,84,,,,宗教研究,,,,,,,,,1974年3月,,218,,,,,,,,,
msk0450,論文-46,GyosekiWord,,,,,,1,1,1,村上,真完,Murakami,Shinkan,ムラカミ,シンカン,,ヴァイシェーシカ・スートラにおけるアートマン,,,,,,186,187,,,印度学仏教学研究,,,,,,,,,1975年3月,23,2,,,,,,,,,
msk0460,論文-47,GyosekiWord,,,,,,1,1,1,村上,真完,Murakami,Shinkan,ムラカミ,シンカン,,サーンクヤ哲学の霊我とヴェーダーンタ哲学の個我,,,,,,78,115,,,東北大学文学部研究年報,,,,,,,,,1975年3月,24,,,,,,,,,,
msk0470,論文-48,GyosekiWord,,,,,,1,1,1,村上,真完,Murakami,Shinkan,ムラカミ,シンカン,,いわゆるパンチャシカ断片（四）とヴェーダーンタ哲学の個我,,,,,,93,94,,,宗教研究,,,,,,,,,1975年3月,,222,,,,,,,,,
msk0480,論文-49,GyosekiWord,,,,,,6,1,1,村上,真完,Murakami,Shinkan,ムラカミ,シンカン,,山口恵照著『サーンキヤ哲学体系の展開　究極的な「転迷開悟」の道』（書評）,,,,,71,74,,,,鈴木学術財団研究年報,,,,,,,,,1975年9月,11,,,,,,,,,,
msk0490,論文-50,GyosekiWord,,,,,,1,1,1,村上,真完,Murakami,Shinkan,ムラカミ,シンカン,,ヴァィシェーシカ哲学におけるアートマン存在の論証,,,,,,1,56,,,東北大学文学部研究年報,,,,,,,,,1976年3月,25,,,,,,,,,,
msk0500,論文-51,GyosekiWord,,,,,,1,1,1,村上,真完,Murakami,Shinkan,ムラカミ,シンカン,,ヴァィシェーシカ哲学のアートマン,,サーンクヤ哲学のプルシャと対比される,,,141,175,,,,東北大学日本文化研究所研究報告,,,,,,,,,1976年3月,12,,,,,,,,,,
msk0510,論文-52,GyosekiWord,,,,,,1,1,1,村上,真完,Murakami,Shinkan,ムラカミ,シンカン,,Sāṃkhyakārikā註Jayamaṅgalā,,,,,,32,38,,,印度学仏教学研究,,,,,,,,,1976年3月,24,2,,,,,,,,,
msk0520,論文-53,GyosekiWord,,,,,,1,1,1,村上,真完,Murakami,Shinkan,ムラカミ,シンカン,,プルシャとアートマン（2）,,,,,,,184,185,,宗教研究,,,,,,,,,1976年3月,226,,,,,,,,,,
msk0530,論文-54,GyosekiWord,,,,,,1,1,1,村上,真完,Murakami,Shinkan,ムラカミ,シンカン,,渇愛の滅と無所有,,Moksadharmaparvanと原始仏教聖典との併行例,,,148,149,,,,宗教研究,,,,,,,,,1976年12月,,230,,,,,,,,,
msk0540,論文-55,GyosekiWord,,,,,,1,1,1,村上,真完,Murakami,Shinkan,ムラカミ,シンカン,,aṅguṣṭhamātra puruṣa（親指大のプルシャ）について,,,,,,102,109,,,印度学仏教学研究,,,,,,,,,1977年3月,25,2,,,,,,,,,
msk0550,論文-56,GyosekiWord,,,,,,1,1,1,村上,真完,Murakami,Shinkan,ムラカミ,シンカン,,仏教における社会福祉の理念の原型,,,,,,,151,165,,仏教と社会福祉,,,,秦隆真先生追悼論文集,,,,,1977年7月,,,,,,,,,,,
msk0560,,,,,,,,,,,村上,真完,Murakami,Shinkan,ムラカミ,シンカン,,インド語,,,,,,,,,,,,,,,,,,,,,,,,,,,,,,
msk0570,,,,,,,,,,,村上,真完,Murakami,Shinkan,ムラカミ,シンカン,,『玉城康四郎博士還暦記念論集　仏の研究』（書評）,,,,,,,,,,,,,,,,,,,,,,,,,,,,,,
msk0580,論文-57,GyosekiWord,,,,,,1,1,1,村上,真完,Murakami,Shinkan,ムラカミ,シンカン,,サーンクヤ哲学における業、法・非法とヴァイシェーシカ哲学,,,,,,107,117,,,東北印度学宗教学会『論集』,,,,,,,,,1977年12月,4,,,,,,,,,,
msk0590,論文-58,GyosekiWord,,,,,,1,1,1,村上,真完,Murakami,Shinkan,ムラカミ,シンカン,,四無量再考,,,,,,,20,39,,日本仏教社会福祉学会年報,,,,,,,,,1978年3月,9 • 10 合併号,,,,,,,,,,
msk0600,,,,,,,,,,,村上,真完,Murakami,Shinkan,ムラカミ,シンカン,,雑阿含経（下）,,,,,,,,,,,,,,,,,,,,,,,,,,,,,,
msk0610,論文-59,GyosekiWord,,,,,,1,1,1,村上,真完,Murakami,Shinkan,ムラカミ,シンカン,,サーンクヤ哲学と仏教,,,,,,,137,141,,仏教論叢,,,,,,,,,1978年10月,22,,,,,,,,,,
msk0620,論文-60,GyosekiWord,,,,,,1,1,1,村上,真完,Murakami,Shinkan,ムラカミ,シンカン,,インドにおける哲学のはじめ,,,,,,,93,95,,東北印度学宗教学会『論集』,,,,,,,,,1978年12月,5,,,,,,,,,,
msk0630,論文-61,GyosekiWord,,,,,,6,1,1,村上,真完,Murakami,Shinkan,ムラカミ,シンカン,,丸山孝雄『法華教学研究序説　吉蔵における受容と展開』（書評）,,,,,125,128,,,,東北印度学宗教学会『論集』,,,,,,,,,1978年12月,5,,,,,,,,,,
msk0640,論文-62,GyosekiWord,,,,,,1,1,1,村上,真完,Murakami,Shinkan,ムラカミ,シンカン,,サーンクヤ哲学における業の問題,,ヴァィシェーシカ哲学とも関連して,,,536,578,,,,業思想研究,,,,,雲井昭善,平楽寺書店,,,1979年2月,,,,,,,,,,,
msk0650,論文-63,GyosekiWord,,,,,,1,1,1,村上,真完,Murakami,Shinkan,ムラカミ,シンカン,,インド哲学における哲学の原語,,,,,,,169,171,,宗教研究,,,,,,,,,1979年2月,,238,,,,,,,,,
msk0660,論文-64,GyosekiWord,,,,,,1,1,1,村上,真完,Murakami,Shinkan,ムラカミ,シンカン,,五火二道説の展開,,,,,,,47,52,,印度学仏教学研究,,,,,,,,,1979年3月,27,2,,,,,,,,,
msk0670,論文-65,GyosekiWord,,,,,,1,1,1,村上,真完,Murakami,Shinkan,ムラカミ,シンカン,,玉城康四郎先生の業績と学風,,,,,,,76,80,,文化,,,,,,,,,1979年3月,42,3 • 4,,,,,,,,,
msk0680,論文-66,GyosekiWord,,,,,,1,1,1,村上,真完,Murakami,Shinkan,ムラカミ,シンカン,,死後の運命と知と業,,五火二道説考（上）,,,30,48,,,,文化,,,,,,,,,1979年9月,43,1 • 2,,,,,,,,,
msk0690,論文-67,GyosekiWord,,,,,,1,1,1,村上,真完,Murakami,Shinkan,ムラカミ,シンカン,,インド哲学史における心の発見,,,,,,,95,99,,仏教論叢,,,,,,,,,1979年10月,23,,,,,,,,,,
msk0700,論文-68,GyosekiWord,,,,,,1,1,1,村上,真完,Murakami,Shinkan,ムラカミ,シンカン,,知行併合説,,samuccaya-vāda,,,,,16,21,,印度学仏教学研究,,,,,,,,,1979年12月,28,1,,,,,,,,,
msk0710,論文-69,GyosekiWord,,,,,,1,1,1,村上,真完,Murakami,Shinkan,ムラカミ,シンカン,,マハーバハーラタと仏教（一）,,,,,,,95,96,,東北印度学宗教学会『論集』,,,,,,,,,1979年12月,6,,,,,,,,,,
msk0720,論文-70,GyosekiWord,,,,,,1,1,1,村上,真完,Murakami,Shinkan,ムラカミ,シンカン,,Sannyāsa（捨離、遁世）考,,,,,,158,159,,,宗教研究,,,,,,,,,1980年2月,,242,,,,,,,,,
msk0730,論文-71,GyosekiWord,,,,,,1,1,1,村上,真完,Murakami,Shinkan,ムラカミ,シンカン,,無欲と無所有,,マハーバハーラタと仏教（一）,,,141,213,,,,東北大学文学部研究年報,,,,,,,,,1980年3月,29,,,,,,,,,,
msk0740,論文-72,GyosekiWord,,,,,,1,1,1,村上,真完,Murakami,Shinkan,ムラカミ,シンカン,,江戸時代におけるインド哲学研究,,,,,,,24,31,,江戸後期の比較文化的考察研究報告,,,,,東北大学日本文化研究所編,,,,1980年3月,,,,,,,,,,,
msk0750,論文-73,GyosekiWord,,,,,,1,1,1,村上,真完,Murakami,Shinkan,ムラカミ,シンカン,,インド哲学における知と行,,jn̄ānaとkarmanに関するYukti-dipikāの議論,,,1,18,,,,日本仏教学会年報,,,,,,,,,1980年6月,45,,,,,,,,,,
msk0760,論文-74,GyosekiWord,,,,,,1,1,1,村上,真完,Murakami,Shinkan,ムラカミ,シンカン,,永遠の有と転変,,サーンクヤ哲学と世親,,,3,30,,,,仏教思想史,,,,,,,,,1980年6月,2,,,,,,,,,,
msk0770,論文-75,業績目録,1_New,著作目録とINBUDSでページ数が1頁異なる。著作目録の197頁を正とする。,n/a,n/a,n/a,1,2,1,村上,真完,Murakami,Shinkan,ムラカミ,シンカン,東北大学文学部,Puruṣa of the Sāṃkhya Philosophy and ātman of the Vedānta Philosophy,プルシャ オブ ザ サーンクヤ フィロソフィー アンド アートマン オブ ザ ヴェーダーンタ フィロソフィー, with reference to the so-called Paficasikha Fragment 4,サーンクヤ哲学のプルシャとヴェーダーンタ哲学のアートマン,On the Four Brahma-vihāras in the Āgamas,いわゆるパンチャシカ断片4に関連して,Focusing on the Self-Island and Self-Reliance,169,197,,Journal of the Oriental Institute,,,,,,M. S. University of Baroda,2,Baroda,1980年6月,24,3-4,170,,,インド,古代,インド哲学,Pañcaśikha,Sāṃkhyakārikā,puruṣa
msk0780,論文-76,GyosekiWord,,,,,,1,1,1,村上,真完,Murakami,Shinkan,ムラカミ,シンカン,,死後の運命と知と業,,五火二道説考（下）,,,1,15,,,,文化,,,,,,,,,1980年9月,44,1・2,,,,,,,,,
msk0790,論文-77,GyosekiWord,,,,,,1,1,1,村上,真完,Murakami,Shinkan,ムラカミ,シンカン,,霊我とこころ,,サーンクヤ哲学における,,,160,190,,,,仏教学,,,,,,,,,1980年10月,9 • 10 特輯号,,,,,,,,,,
msk0800,論文-78,GyosekiWord,,,,,,1,1,1,村上,真完,Murakami,Shinkan,ムラカミ,シンカン,,有神論サーンクヤ ,,Seśvara-Sāṃkhya,,,,,139,143,,東北印度学宗教学会『論集』,,,,,,,,,1980年12月,7,,,,,,,,,,
msk0810,論文-79,GyosekiWord,,,,,,6,1,1,村上,真完,Murakami,Shinkan,ムラカミ,シンカン,,金倉圓照『シャンカラの哲学　ブラフマ・スートラ釈論の全訳』上（書評）,,,,,170,175,,,,同,,,,,,,,,1980年12月,,,,,,,,,,,
msk0820,論文-80,GyosekiWord,,,,,,6,1,1,村上,真完,Murakami,Shinkan,ムラカミ,シンカン,,塚本啓祥『改定増補　初期佛教教團史の研究』（書評）,,,,,175,177,,,,同,,,,,,,,,1980年12月,,,,,,,,,,,
msk0830,論文-81,GyosekiWord,,,,,,1,1,1,村上,真完,Murakami,Shinkan,ムラカミ,シンカン,,世界創造神の証明とその批判,,サーンクヤ派の神観念,,,539,588,,,,神観念の比較文化論的研究,,,,東北大学日本文化研究所編,,講談社,,,1981年2月,,,,,,,,,,,
msk0840,,,,,,,,,,,村上,真完,Murakami,Shinkan,ムラカミ,シンカン,,ベゼクリクの誓願画とその仏陀観,,,,,,,,,,,,,,,,,,,,,,,,,,,,,,
msk0850,論文-82,GyosekiWord,,,,,,1,1,1,村上,真完,Murakami,Shinkan,ムラカミ,シンカン,,無常観と出家志向,,マハーバハーラタと原始仏教,,,51,74,,,,仏教研究,,,,,,,,,1981年3月,10,,,,,,,,,,
msk0860,論文-83,GyosekiWord,,,,,,1,1,1,村上,真完,Murakami,Shinkan,ムラカミ,シンカン,,幸福をめぐる仏教とインド哲学諸学派との比較,,,,,,5,12,,,仏教における幸福の追究,,,,昭和 55 年度科学研究費補助金研究成果報告書 (研究代表者村上真完),,,,,1981年3月,,,,,,,,,,,
msk0870,論文-84,GyosekiWord,,,,,,1,1,1,村上,真完,Murakami,Shinkan,ムラカミ,シンカン,,インド思想史における心の問題,,,,,,,522,527,,印度学仏教学研究,,,,,,,,,1982年3月,30,2,,,,,,,,,
msk0880,論文-85,GyosekiWord,,,,,,1,1,1,村上,真完,Murakami,Shinkan,ムラカミ,シンカン,,仏の成道以前の物語と時間について,,,,,,71,75,,,仏教論叢,,,,,,,,,1982年9月,26,,,,,,,,,,
msk0890,論文-86,GyosekiWord,,,,,,6,1,1,村上,真完,Murakami,Shinkan,ムラカミ,シンカン,,アルスドルフ記念論文集『ジャイナ教と仏教についての諸研究』（書評）,,,,,20,29,,文化,,,,,,,,,,,1982年9月,46,1 • 2,,,,,,,,,
msk0900,論文-87,GyosekiWord,,,,,,1,1,1,村上,真完,Murakami,Shinkan,ムラカミ,シンカン,,認識から解脱への筋道,,,,,355,403,,,,仏教思想 8 『解脱』,,,,,,,,,1982年10月,,,,,,,,,,,
msk0910,論文-88,GyosekiWord,,,,,,1,1,1,村上,真完,Murakami,Shinkan,ムラカミ,シンカン,,インドにおける儀礼とその批判,,,,,41,45,,,,朝鮮儀礼の研究比較文化史的観点より一,,,,昭和 57 年度科学研究費補助金研究成果報告書 (研究代表者井上秀雄),,,,,1983年2月,,,,,,,,,,,
msk0920,論文-89,GyosekiWord,,,,,,1,1,1,村上,真完,Murakami,Shinkan,ムラカミ,シンカン,,出家遁世考,,,,,1,20,,文化,,,,,,,,,,,1983年9月,47,1 • 2,,,,,,,,,
msk0930,,,,,,,,,,,村上,真完,Murakami,Shinkan,ムラカミ,シンカン,,火焔にゆらぐベゼクリク千仏洞,,,,,,,,,,,,,,,,,,,,,,,,,,,,,,
msk0940,論文-90,GyosekiWord,,,,,,1,1,1,村上,真完,Murakami,Shinkan,ムラカミ,シンカン,,古代インドの身心観と仏教,,,,,,,25,42,,南都仏教,,,,,,,,,1983年12月,51,,,,,,,,,,
msk0941,論文-91,GyosekiWord,,,,,,1,1,1,村上,真完,Murakami,Shinkan,ムラカミ,シンカン,,Yuktid1pika (Y)の写本,,,,,,172,173,,,宗教研究,,,,,,,,,1984年3月,,259,,,,,,,,,
msk0950,論文-92,GyosekiWord,,,,,,4,1,1,村上,真完,Murakami,Shinkan,ムラカミ,シンカン,,ユクテｨ・デｨーピカー訳註（一）,,,,,,,37,69,,東北大学文学部研究年報,,,,,,,,,1984年3月,33,,,,,,,,,,
msk0960,論文-93,GyosekiWord,,,,,,1,1,1,村上,真完,Murakami,Shinkan,ムラカミ,シンカン,,二元論的世界観の成立とその崩壊の傾向,,,,,,119,121,,,東北印度学宗教学会『論集』,,,,,,,,,1985年12月,12,,,,,,,,,,
msk0970,論文-94,GyosekiWord,,,,,,1,1,1,村上,真完,Murakami,Shinkan,ムラカミ,シンカン,,シュヴェーターシュヴァタラ・ウパニシャド第一章考,,,,,,71,86,,,仏教と異宗教,,,,雲井昭善博土古稀記念,,,,,1985年12月,,,,,,,,,,,
msk0980,論文-95,GyosekiWord,,,,,,6,1,1,村上,真完,Murakami,Shinkan,ムラカミ,シンカン,,中村了昭『サーンクヤ哲学の研究　インドの二元論』（書評）,,,,,92,106,,,,文化,,,,,,,,,1986年2月,49,3 • 4,,,,,,,,,
msk0990,論文-96,GyosekiWord,,,,,,1,1,1,村上,真完,Murakami,Shinkan,ムラカミ,シンカン,,インド思想史における心の発見,,仏教興起前後における転換(上),,,67,92,,,,東北大学日本文化研究所研究報告,,,,,,,,,1986年3月,22,,,,,,,,,,
msk1000,論文-97,GyosekiWord,,,,,,1,1,1,村上,真完,Murakami,Shinkan,ムラカミ,シンカン,,Saṃskāra（行）考,,,,,,,123,127,,仏教論叢,,,,,,,,,1986年9月,30,,,,,,,,,,
msk1010,論文-98,GyosekiWord,,,,,,1,1,1,村上,真完,Murakami,Shinkan,ムラカミ,シンカン,,インド思想史における心の発見,,仏教興起前後における転換(下),,,47,64,,,,東北大学日本文化研究所研究報告,,,,,,,,,1987年1月,23,,,,,,,,,,
msk1020,論文-99,GyosekiWord,,,,,,1,1,1,村上,真完,Murakami,Shinkan,ムラカミ,シンカン,,サーンキヤ・ヨーガ学派の人間観,,,,,,,123,146,,東洋における人間観,,,,,,東京大学出版会,,,1987年2月,,,,,,,,,,,
msk1030,論文-100,GyosekiWord,,,,,,1,2,1,村上,真完,Murakami,Shinkan,ムラカミ,シンカン,,Benares-Manuscripts of the Yuktidīpikā,,,,,,1020,1016,,,印度学仏教学研究,,,,,,,,,1987年3月,35,2,,,,,,,,,
msk1040,論文-101,GyosekiWord,,,,,,1,1,1,村上,真完,Murakami,Shinkan,ムラカミ,シンカン,,ヴァィシェーシカ（勝論）学派の認識論と言語表示,,,,,,69,122,,,東北大学文学部研究年報,,,,,,,,,1987年3月,36,,,,,,,,,,
msk1050,論文-102,GyosekiWord,,,,,,1,1,1,村上,真完,Murakami,Shinkan,ムラカミ,シンカン,,諸行考（I）,,原始仏教の身心観,,,51,94,,,,仏教研究,,,,,,,,,1987年3月,16,,,,,,,,,,
msk1060,論文-103,GyosekiWord,,,,,,6,1,1,村上,真完,Murakami,Shinkan,ムラカミ,シンカン,,仏教思想研究会編『仏教思想9心』（書評）,,(書評),,,35,56,,,,文化,,,,,,,,,1987年3月,50,3 • 4,,,,,,,,,
msk1070,論文-104,GyosekiWord,,,,,,6,1,1,村上,真完,Murakami,Shinkan,ムラカミ,シンカン,,塚本啓祥訳　ドウ・ヨング『インド文化研究史論集　欧米のマハーバーラタと仏教の研究』（書評紹介と批判と補正）,,(書評　紹介と批判と補正),,,110,141,,,,文化,,,,,,,,,1987年9月,51,1 • 2,,,,,,,,,
msk1080,論文-105,GyosekiWord,,,,,,1,1,1,村上,真完,Murakami,Shinkan,ムラカミ,シンカン,,諸行考（II）,,原始仏教の身心観,,,47,87,,,,仏教研究,,,,,,,,,1988年3月,17,,,,,,,,,,
msk1090,論文-106,GyosekiWord,,,,,,1,1,1,村上,真完,Murakami,Shinkan,ムラカミ,シンカン,,日本におけるインド学研究の問題点,,,,,,,548,554,,日本文化研究所研究報告 ンソポジウム「日本文化と東アジア」 (1 985-1986),,,,,,,,,1988年3月,,,,,,,,,,,
msk1100,論文-107,GyosekiWord,,,,,,1,1,1,村上,真完,Murakami,Shinkan,ムラカミ,シンカン,,原始仏教における信の原型,,pamun̄cassu saddhaṃの誤解を正す,,,63,67,,,,仏教論叢,,,,,,,,,1988年9月,32,,,,,,,,,,
msk1110,,,,,,,,6,1,1,村上,真完,Murakami,Shinkan,ムラカミ,シンカン,,塚本啓祥著『法華経の成立と背景　インド文化と大乗仏教』（書評）,,,,,,,,,,,,,,,,,,,,,,,,,,,,,,
msk1120,論文-108,GyosekiWord,,,,,,1,1,1,村上,真完,Murakami,Shinkan,ムラカミ,シンカン,,Vyomavatīにおけるsāmānya（普遍）論,,,,,,66,72,,,印度学仏教学研究,,,,,,,,,1988年12月,37,1,,,,,,,,,
msk1130,,,,,,,,,,,村上,真完,Murakami,Shinkan,ムラカミ,シンカン,,ブラーフマナの人間観・神観念と仏教,,ātma-saṃskṛti考,,,,,,,,,,,,,,,,,,,,,,,,,,,,
msk1140,論文-109,GyosekiWord,,,,,,1,1,1,村上,真完,Murakami,Shinkan,ムラカミ,シンカン,,サーンクヤ派の世界観と仏教,,,,,,,14,27,,理想,,,,,,,,,1989年3月,642,,,,,,,,,,
msk1150,論文-110,GyosekiWord,,,,,,1,1,1,村上,真完,Murakami,Shinkan,ムラカミ,シンカン,,諸行考（III）,,原始仏教の身心観,,,43,70,,,,仏教研究,,,,,,,,,1989年3月,18,,,,,,,,,,
msk1160,論文-111,GyosekiWord,,,,,,4,1,1,村上,真完,Murakami,Shinkan,ムラカミ,シンカン,,ユクティ・ディーピカー訳註（二）,,,,,,,31,79,,東北大学文学部研究年報,,,,,,,,,1989年3月,38,,,,,,,,,,
msk1170,論文-112,GyosekiWord,,,,,,1,1,1,村上,真完,Murakami,Shinkan,ムラカミ,シンカン,,智證大師圓珍に歸せられる佛陀観の意義,,原始佛教やインド思想と對比して,,,555,597,,,,智證大師研究,,,,,,園城寺,,,1989年10月,,,,,,,,,,,
msk1180,論文-113,GyosekiWord,,,,,,1,1,1,村上,真完,Murakami,Shinkan,ムラカミ,シンカン,,概念とその対象,,ヴァィシェーシカ（勝論）の普遍の意味,,,79,105,,,,インド哲学と仏教,,,藤田宏達博士還暦記念論集,,,平楽寺書店,,,1989年11月,,,,,,,,,,,
msk1190,論文-114,GyosekiWord,,,,,,1,1,1,村上,真完,Murakami,Shinkan,ムラカミ,シンカン,,諸行考（IV）,,原始仏教の身心観,,,67,119,,,,仏教研究,,,,,,,,,1990年3月,19,,,,,,,,,,
msk1200,論文-115,GyosekiWord,,,,,,1,1,1,村上,真完,Murakami,Shinkan,ムラカミ,シンカン,,仏滅年代論,,諸資料・諸学説の整理と選択,,,17,22,,,,仏教論叢,,,,,,,,,1990年9月,34,,,,,,,,,,
msk1210,論文-116,GyosekiWord,,,,,,1,1,1,村上,真完,Murakami,Shinkan,ムラカミ,シンカン,,感官のsāmānya-jñāna,,Yukti-dīpikā p.102,,,,,,283,289,,,,印度学仏教学研究,,,,,,1991年3月,39,2,,,,,,,,,
msk1220,論文-117,GyosekiWord,,,,,,1,1,1,村上,真完,Murakami,Shinkan,ムラカミ,シンカン,,インド古典にみられる村落の情景,,,,,87,107,,,,東北大学日本文化研究所研究報告,,,,,,,,,1991年3月,27,,,,,,,,,,
msk1230,論文-118,GyosekiWord,,,,,,1,1,1,村上,真完,Murakami,Shinkan,ムラカミ,シンカン,,ヴァィシェーシカ派とニヤーヤ派における無分別の直接知覚,,,,,,123,159,,,伊原照蓮博士古稀記念論文集,,,,,,九州大学出版会,,,1991年8月,,,,,,,,,,,
msk1240,,,,,,,,6,,,村上,真完,Murakami,Shinkan,ムラカミ,シンカン,,松本照敬『ラーマーヌジャの研究』（書評）,,,,,,,,,,,,,,,,,,,,,,,,,,,,,,
msk1250,論文-119,GyosekiWord,,,,,,1,1,1,村上,真完,Murakami,Shinkan,ムラカミ,シンカン,,インドの自然哲学における人間観,,,,,,,,,,,,,,,,,,,,,,,,,,,,,,
msk1260,論文-120,GyosekiWord,,,,,,1,1,1,村上,真完,Murakami,Shinkan,ムラカミ,シンカン,,般若経類の空思想とウパニシャド,,,,,,18,21,,,コミュニケーショ｀ノ文化の多様性・多層性とその変容,,,,,,東北大学文学部,,,1992年3月,,,,,,,,,,,
msk1270,論文-121,GyosekiWord,,,,,,1,1,1,村上,真完,Murakami,Shinkan,ムラカミ,シンカン,,インド古来の文法学における語と意味をめぐる問題,,,,,1,4,,,,早島鏡正著作集第 2 巻月報,,,,,,世界聖典協会,,,1992年8月,,,,,,,,,,,
msk1280,論文-122,GyosekiWord,,,,,,1,1,1,村上,真完,Murakami,Shinkan,ムラカミ,シンカン,,原始（初期）仏教研究の一反省,,思想解明の限界と意義,,,,82,86,,,仏教論叢,,,,,,佼成出版社,,,1992年9月,36,,,,,,,,,,
msk1290,論文-123,GyosekiWord,,,,,,1,1,1,村上,真完,Murakami,Shinkan,ムラカミ,シンカン,,色即是空（rūpaṃ śūnyatā）原意考,,,,,,,42,61,,文化における時間意識,,,,,渡部治雄,角川書店,,,1993年2月,,,,,,,,,,,
msk1300,論文-124,GyosekiWord,,,,,,1,1,1,村上,真完,Murakami,Shinkan,ムラカミ,シンカン,,インド古代中世哲学における時間論,,,,,85,126,,,,知の避逗一仏教と科学,,,塚本啓祥教授還暦記念論文集,,,,,,1993年3月,,,,,,,,,,,
msk1310,論文-125,GyosekiWord,,,,,,4,1,1,村上,真完,Murakami,Shinkan,ムラカミ,シンカン,,人格主体論（霊魂論）,,倶舎論破我品訳註（一）,,,,1038,1034,,,印度学仏教学研究,,,,,,,,,1993年3月,41,2,,,,,,,,,
msk1320,論文-126,GyosekiWord,,,,,,1,1,1,村上,真完,Murakami,Shinkan,ムラカミ,シンカン,,マンダナミシュラの差別否定論と一多の否定による無自性論,,,,,,193b,195a,,,宗教研究,,,,,,,,,1993年3月,66,4,295,,,,,,,,
msk1330,論文-127,GyosekiWord,,,,,,1,1,1,村上,真完,Murakami,Shinkan,ムラカミ,シンカン,,真実（tattva）と不可説なもの,,,,,,,103,118,,「老い」の比較文化論的研究一日本を中心として一,,,平成 4 年度科学研究費補助金研究成果報告書,,杉山晃一,東北大学文学部,,,1993年3月,,,,,,,,,,,
msk1340,論文-128,GyosekiWord,,,,,,1,1,1,村上,真完,Murakami,Shinkan,ムラカミ,シンカン,,インド古代思想における老苦,,,,,115,150,,,,仏教研究,,,,,,,,,1993年3月,22,,,,,,,,,,
msk1350,論文-129,GyosekiWord,,,,,,1,1,1,村上,真完,Murakami,Shinkan,ムラカミ,シンカン,,「信を発こせ」再考,,Pamuiicantu saddham,,,,,8,14,,異文化間の接触と交流,,,平成 4 年度教育研究学内特別経費研究報告書,,,東北大学文学部,,,1993年3月,,,,,,,,,,,
msk1360,論文-130,GyosekiWord,,,,,,1,1,1,村上,真完,Murakami,Shinkan,ムラカミ,シンカン,,インド古代の神観念と古事記の世界,,,,,85,126,,,,原始仏教と大乗仏教,,,渡辺文麿博士追悼記念論集,,,永田文昌堂,,,1993年5月,,,,,,,,,,,
msk1370,論文-131,GyosekiWord,,,,,,4,1,1,村上,真完,Murakami,Shinkan,ムラカミ,シンカン,,人格主体論（霊魂論）,,倶舎論破我品訳註（二）,,,78,103,,,,インド学密教学研究,,,宮坂宥勝博士古稀記念論集,,,法蔵館,,,1993年7月,,,,,,,,,,,
msk1380,論文-132,GyosekiWord,,,,,,1,1,1,村上,真完,Murakami,Shinkan,ムラカミ,シンカン,,インドの主観的観念論,,知覚創出説（dṛṣṭi-sṛṣṭi-vāda）,,,28,33,,,,仏教論叢,,,,,,,,,1993年9月,37,,,,,,,,,,
msk1390,論文-133,GyosekiWord,,,,,,1,1,1,村上,真完,Murakami,Shinkan,ムラカミ,シンカン,,Pamuñcantu saddhaṃ再考,,「信を発こせ」か「信を捨てよ」か,,,,,977,971,,印度学仏教学研究,,,,,,,,,1994年3月,42,2,,,,,,,,,
msk1400,論文-134,GyosekiWord,,,,,,1,1,1,村上,真完,Murakami,Shinkan,ムラカミ,シンカン,,プラカーシャアーナンダの差別否定論,,,,,380,328,,,,東北大学研究年報,,,,,,,,,1994年3月,43,,,,,,,,,,
msk1410,論文-135,GyosekiWord,,,,,,1,1,1,村上,真完,Murakami,Shinkan,ムラカミ,シンカン,,何が真実であるか,,ウパニシャドから仏教,,,36,62,,,,仏教学セミナー,,,,,,,,,1994年5月,59,,,,,,,,,,
msk1420,論文-136,GyosekiWord,,,,,,1,1,1,村上,真完,Murakami,Shinkan,ムラカミ,シンカン,,真実とは何か,,ウパニシャドから仏教,,,,,105,146,,日本宗教への視角,,,,,岡田重精,東方出版,,,1994年8月,,,,,,,,,,,
msk1430,論文-137,GyosekiWord,,,,,,1,1,1,村上,真完,Murakami,Shinkan,ムラカミ,シンカン,,記紀の神々とインド古代の神観念,,,,,,,30,40,,仏教論叢,,,,,,,,,1994年9月,38,,,,,,,,,,
msk1440,論文-138,GyosekiWord,,,,,,1,1,1,村上,真完,Murakami,Shinkan,ムラカミ,シンカン,,差別と無差別,,インド哲学諸学派間の論争の意味,,,28,49,,,,印度哲学仏教学,,,,,,,,,1994年10月,9,,,,,,,,,,
msk1450,論文-139,GyosekiWord,,,,,,1,1,1,村上,真完,Murakami,Shinkan,ムラカミ,シンカン,,真実は語られるか,,ウパニシャドを出発点として,,,,430,424,,,印度学仏教学研究,,,,,,,,,1994年12月,43,2,,,,,,,,,
msk1460,論文-140,GyosekiWord,,,,,,1,1,1,村上,真完,Murakami,Shinkan,ムラカミ,シンカン,,主観的観念論dṛṣṭi-sṛṣṭi-vādaの源泉,,,,,,222,223,,,宗教研究,,,,,,,,,1995年3月,68,4,303,,,,,,,,
msk1470,論文-141,GyosekiWord,,,,,,1,1,1,村上,真完,Murakami,Shinkan,ムラカミ,シンカン,,不二一元論学派の誤知論Anirvacanīya-khyāti,,,,,1,50,,,,東北大学文学部研究年報,,,,,,,,,1995年3月,44,,,,,,,,,,
msk1480,論文-142,GyosekiWord,,,,,,1,1,1,村上,真完,Murakami,Shinkan,ムラカミ,シンカン,,語りえぬもの,,真実（tattva)をめぐって,,,,,59,66,,社会と文化における中心と辺境,,,1994年度教育研究学内特別経費研究報告書,,,東北大学文学部,,,1995年3月,,,,,,,,,,,
msk1490,論文-143,GyosekiWord,,,,,,1,1,1,村上,真完,Murakami,Shinkan,ムラカミ,シンカン,,インド文化における中国意識,,,,,,,,,,仏教論叢,,,,,,,,,1905年6月,39,,,,,,,,,,
msk1500,論文-144,GyosekiWord,,,,,,1,1,1,村上,真完,Murakami,Shinkan,ムラカミ,シンカン,,空性（Śūnyatā，空であること）考,,,,,,,,,,印度学仏教学研究,,,,,,,,,,44,,,,,,,,,,
msk1510,論文-145,GyosekiWord,,,,,,1,1,1,村上,真完,Murakami,Shinkan,ムラカミ,シンカン,,PrakāśânandaからDharmarājâdhvarîndraへ,,主観的観念論の系譜,,,,,,,,勝呂信静博士古稀記念論文集,,,,,,,,,,,,,,,,,,,,
msk1520,論文-146,GyosekiWord,,,,,,1,1,1,村上,真完,Murakami,Shinkan,ムラカミ,シンカン,,インド実在論の観念性,,ヴァィシェーシカ哲学の基本的思考法,,,,,,,,仏教論叢,,,,,,,,,,40,,,,,,,,,,
msk1530,論文-147,GyosekiWord,,,,,,1,1,1,村上,真完,Murakami,Shinkan,ムラカミ,シンカン,,初期の仏教における不殺生と和平の思考,,,,,,,,,,日本仏教学会年報,,,,,,,,,,61,,,,,,,,,,
msk1540,論文-148,GyosekiWord,,,,,,1,1,1,村上,真完,Murakami,Shinkan,ムラカミ,シンカン,,精神性（caitanya）をめぐる諸理論,,,,,,,,,,東北大学文学部研究年報,,,,,,,,,,45,,,,,,,,,,
msk1550,論文-149,GyosekiWord,,,,,,1,1,1,村上,真完,Murakami,Shinkan,ムラカミ,シンカン,,精神性（caitanya）考,,,,,,,,,,宗教研究,,,,,,,,,,,,,,,,,,,,
msk1560,論文-150,GyosekiWord,,,,,,1,1,1,村上,真完,Murakami,Shinkan,ムラカミ,シンカン,,初期の仏教における分析的思考と人間存在,,無我説と輪廻する私（aham）,,,,,,,,,,,,,,,,,,,,,,,,,,,,
msk1570,,,,,,,,,,,村上,真完,Murakami,Shinkan,ムラカミ,シンカン,,無属性梵（nirguṇa brahman）の属性（guṇa）とは何か,,,,,,,,,,,,,,,,,,,,,,,,,,,,,,
msk1580,,,,,,,,,,,村上,真完,Murakami,Shinkan,ムラカミ,シンカン,,いのちと仏の本願,,,,,,,,,,,,,,,,,,,,,,,,,,,,,,
msk1590,,,,,,,,,,,村上,真完,Murakami,Shinkan,ムラカミ,シンカン,,いのちと仏の本願,,,,,,,,,,,,,,,,,,,,,,,,,,,,,,
msk1600,,,,,,,,,,,村上,真完,Murakami,Shinkan,ムラカミ,シンカン,,インド哲学諸派と仏教との交渉,,ヴェーダーンタ諸派の仏教批判をめぐって,,,,,,,,,,,,,,,,,,,,,,,,,,,,
msk1610,,,,,,,,,,,村上,真完,Murakami,Shinkan,ムラカミ,シンカン,,Śrīkaṇṭhaの仏教批判,,,,,,,,,,,,,,,,,,,,,,,,,,,,,,
msk1620,,,,,,,,,,,村上,真完,Murakami,Shinkan,ムラカミ,シンカン,,後期シャンカラ派における仏教理解,,Advaita-Brahma-Siddhiの所説,,,,,,,,,,,,,,,,,,,,,,,,,,,,
msk1630,,,,,,,,,,,村上,真完,Murakami,Shinkan,ムラカミ,シンカン,,大乗経典の創作,,sūtrântâbhinirhāra　能演諸経　善説諸経,,,,,,,,,,,,,,,,,,,,,,,,,,,,
msk1640,,,,,,,,,,,村上,真完,Murakami,Shinkan,ムラカミ,シンカン,,ヴェーダーンタ諸派における縁起説批判,,,,,,,,,,,,,,,,,,,,,,,,,,,,,,
msk1650,,,,,,,,,,,村上,真完,Murakami,Shinkan,ムラカミ,シンカン,,WHAT IS CAITANYA,,ETERNAL OR NON-ETERNAL? ,,,,,,,,Asiatische Studien - Études Asiatiques ,,,,,,,,Zurich,1999年3月,53,,,,,,,,,,
msk1660,,,,,,,,,,,村上,真完,Murakami,Shinkan,ムラカミ,シンカン,,縁起説と無常説と多元論的分析的思考法（1）,,,,,,,,,,,,,,,,,,,,,,,,,,,,,,
msk1670,,,,,,,,,,,村上,真完,Murakami,Shinkan,ムラカミ,シンカン,,仏教の考え方,,刹那滅と久遠の仏,,,,,,,,,,,,,,,,,,,,,,,,,,,,
msk1680,,,,,,,,,,,村上,真完,Murakami,Shinkan,ムラカミ,シンカン,,後期シャンカラ派における部派仏教批判,,,,,,,,,,,,,,,,,,,,,,,,,,,,,,
msk1690,,,,,,,,,,,村上,真完,Murakami,Shinkan,ムラカミ,シンカン,,A study On the Creation of the Mahāyāna Scriptures (sūtrântâbhinirhāra),,,,,,,,,,,,,,,,,,,,,,,,,,,,,,
msk1700,,,,,,,,,,,村上,真完,Murakami,Shinkan,ムラカミ,シンカン,,大乗経典の想像と創作,,abhinirhāra考,,,,,,,,,,,,,,,,,,,,,,,,,,,,
msk1710,,,,,,,,,,,村上,真完,Murakami,Shinkan,ムラカミ,シンカン,,故神舘義朗氏の業績と学風を偲ぶ,,,,Condolence for Prof. Yoshiro KODATE(神舘義朗1931-2000),,,,,,,,,,,,,,,,,,,,,,,,,,
msk1720,,,,,,,,,,,村上,真完,Murakami,Shinkan,ムラカミ,シンカン,,無常（刹那滅）説と本願論,,,,,,,,,,,,,,,,,,,,,,,,,,,,,,
msk1730,,,,,,,,,,,村上,真完,Murakami,Shinkan,ムラカミ,シンカン,,無常（刹那滅）説と仏身説（名号観）,,,,,,,,,,,,,,,,,,,,,,,,,,,,,,
msk1740,,,,,,,,,,,村上,真完,Murakami,Shinkan,ムラカミ,シンカン,,シャンカラ研究の問題点,,,,,,,,,,,,,,,,,,,,,,,,,,,,,,
msk1750,,,,,,,,,,,村上,真完,Murakami,Shinkan,ムラカミ,シンカン,,無常説と刹那滅説の基礎概念,,,,,,,,,,,,,,,,,,,,,,,,,,,,,,
msk1760,,,,,,,,,,,村上,真完,Murakami,Shinkan,ムラカミ,シンカン,,無常（刹那滅）説與永遠的佛,,,,,,,,,,,,,,,,,,,,,,,,,,,,,,
msk1770,,,,,,,,,,,村上,真完,Murakami,Shinkan,ムラカミ,シンカン,,刹那滅説の基礎,,,,,,,,,,,,,,,,,,,,,,,,,,,,,,
msk1780,,,,,,,,,,,村上,真完,Murakami,Shinkan,ムラカミ,シンカン,,Vedāntic Interpretation and Criticism of the Buddhist Dependent Origination (pratītya-samutpāda),,,,,,,,,,,,,,,,,,,,,,,,,,,,,,
msk1790,,,,,,,,,,,村上,真完,Murakami,Shinkan,ムラカミ,シンカン,,A Basic Concept of the Doctrine of Momentariness,,,,,,,,,,,,,,,,,,,,,,,,,,,,,,
msk1800,,,,,,,,,,,村上,真完,Murakami,Shinkan,ムラカミ,シンカン,,転変説（pariṇāma-vāda）再考,,世親の転変説批判の意味,,,,,,,,,,,,,,,,,,,,,,,,,,,,
msk1810,,,,,,,,,,,村上,真完,Murakami,Shinkan,ムラカミ,シンカン,,Vyūha （荘厳）考,,特にGaṇḍa-vyūhaの原意について,,,,,,,,,,,,,,,,,,,,,,,,,,,,
msk1820,,,,,,,,,,,村上,真完,Murakami,Shinkan,ムラカミ,シンカン,,無常説の根底（序説）,,,,,,,,,,,,,,,,,,,,,,,,,,,,,,
msk1830,,,,,,,,,,,村上,真完,Murakami,Shinkan,ムラカミ,シンカン,,世親（Vasubandhu）の実在論（実有論）批判,,,,,,,,,,,,,,,,,,,,,,,,,,,,,,
msk1840,,,,,,,,,,,村上,真完,Murakami,Shinkan,ムラカミ,シンカン,,開放系の思考,,これは私のものではない。私はこれではない,,,,,,,,,,,,,,,,,,,,,,,,,,,,
msk1850,,,,,,,,,,,村上,真完,Murakami,Shinkan,ムラカミ,シンカン,,極楽の荘厳（vyūha）,,,,,,,,,,,,,,,,,,,,,,,,,,,,,,
msk1860,,,,,,,,,,,村上,真完,Murakami,Shinkan,ムラカミ,シンカン,,大乗仏教の起原,,,,,,,,,,,,,,,,,,,,,,,,,,,,,,
msk1870,,,,,,,,,,,村上,真完,Murakami,Shinkan,ムラカミ,シンカン,,SADĀNANDA'S CRITICISM OF BUDDHISM,,,,,,,,,,,,,,,,,,,,,,,,,,,,,,
msk1880,,,,,,,,,,,村上,真完,Murakami,Shinkan,ムラカミ,シンカン,,説一切有部の実在論（実有論）の基盤,,,,,,,,,,,,,,,,,,,,,,,,,,,,,,
msk1890,,,,,,,,,,,村上,真完,Murakami,Shinkan,ムラカミ,シンカン,,開放系の思考,,非我説における自己,,,,,,,,,,,,,,,,,,,,,,,,,,,,
msk1900,,,,,,,,,,,村上,真完,Murakami,Shinkan,ムラカミ,シンカン,,最初の仏語,,諸の法が明らかになるpātubhavanti dhammā考,,,,,,,,,,,,,,,,,,,,,,,,,,,,
msk1910,,,,,,,,,,,村上,真完,Murakami,Shinkan,ムラカミ,シンカン,,諸法考一dhammaの原意の探求と再構築一,,(1)諸法と縁起,,,,,,,,,,,,,,,,,,,,,,,,,,,,
msk1920,,,,,,,,,,,村上,真完,Murakami,Shinkan,ムラカミ,シンカン,,Vyūha,,A Characteristic of the Creation of the Mahāyāna Scriptures,,,,,,,,,,,,,,,,,,,,,,,,,,,,
msk1930,,,,,,,,,,,村上,真完,Murakami,Shinkan,ムラカミ,シンカン,,諸法考一dhammaの原意の探求と再構築一,,(2) 法と諸法一縁起成道から党天勧請まで,,,,,,,,,,,,,,,,,,,,,,,,,,,,
msk1940,,,,,,,,,,,村上,真完,Murakami,Shinkan,ムラカミ,シンカン,,原始仏教研究法の検討に基づく五蘊説の考察,,,,,,,,,,,,,,,,,,,,,,,,,,,,,,
msk1950,,,,,,,,,,,村上,真完,Murakami,Shinkan,ムラカミ,シンカン,,仏教における法の意味,,sabbaṃ taṃ nirodha-dhammaṃ考,,,,,,,,,,,,,,,,,,,,,,,,,,,,
msk1960,,,,,,,,,,,村上,真完,Murakami,Shinkan,ムラカミ,シンカン,,原始仏教資料の新古問題と法の意味,,『スッタ・ニパータ』の古層と『律』の仏伝をめぐって,,,,,,,,,,,,,,,,,,,,,,,,,,,,
msk1970,,,,,,,,,,,村上,真完,Murakami,Shinkan,ムラカミ,シンカン,,存在の把握,,五蘊と界 （dhātu　要素）,,,,,,,,,,,,,,,,,,,,,,,,,,,,
msk1980,,,,,,,,,,,村上,真完,Murakami,Shinkan,ムラカミ,シンカン,,諸法考一dhammaの原意の探求と再構築一,,( 3 )法と諸法一初転法輪をめぐって,,,,,,,,,,,,,,,,,,,,,,,,,,,,
msk1990,,,,,,,,,,,村上,真完,Murakami,Shinkan,ムラカミ,シンカン,,Early Buddhist Openness and Mahāyāna Buddhism,,,,,,,,,,,,,,,,,,,,,,,,,,,,,,
msk2000,,,,,,,,,,,村上,真完,Murakami,Shinkan,ムラカミ,シンカン,,諸法考一dhammaの原意の探求と再構築一,,(4)法と諸法と縁起一教団形成の端緒をめぐって,,,,,,,,,,,,,,,,,,,,,,,,,,,,
msk2010,,,,,,,,,,,村上,真完,Murakami,Shinkan,ムラカミ,シンカン,,BUDDHISM'S UNIQUE POSSIBILITY TO PURSUE INNER PEACEFULNESS TO AVOID VIOLENCE AND WAR,,,,,,,,,,,,,,,,,,,,,,,,,,,,,,
msk2020,,,,,,,,,,,村上,真完,Murakami,Shinkan,ムラカミ,シンカン,,"""Reasons and motives for meritorious deeds"" (Skt. Puṇyakriyāvastu)",, written in Turkic and Sanskrit,,,,,,,,,,,,,,,,,,,,,,,,,,,,
msk2030,,,,,,,,,,,村上,真完,Murakami,Shinkan,ムラカミ,シンカン,,殺生か禁欲か,,bhānahu考,,,,,,,,,,,,,,,,,,,,,,,,,,,,
msk2040,,,,,,,,,,,村上,真完,Murakami,Shinkan,ムラカミ,シンカン,,知覚（体験）に基づく仏教か理屈（理性）に基づく仏教か,,和辻哲郎を手掛かりに,,,,,,,,,,,,,,,,,,,,,,,,,,,,
msk2050,,,,,,,,,,,村上,真完,Murakami,Shinkan,ムラカミ,シンカン,,諸法考一dhammaの原意の探求と再構築一,,(5)法と諸法と縁起一教団の形成,,,,,,,,,,,,,,,,,,,,,,,,,,,,
msk2060,,,,,,,,,,,村上,真完,Murakami,Shinkan,ムラカミ,シンカン,,『パラマッタ・ジョーティカー』における文法的記述,,及川真介著　村上真完補註付記,,,,,,,,,,,,,,,,,,,,,,,,,,,,
msk2070,,,,,,,,,,,村上,真完,Murakami,Shinkan,ムラカミ,シンカン,,原始仏教聖典の二面性,,現実的か非現実的か,,,,,,,,,,,,,,,,,,,,,,,,,,,,
msk2080,,,,,,,,,,,村上,真完,Murakami,Shinkan,ムラカミ,シンカン,,色（rūpa）は物質ではない,,仏典における原意と訳語の考察,,,,,,,,,,,,,,,,,,,,,,,,,,,,
msk2090,,,,,,,,,,,村上,真完,Murakami,Shinkan,ムラカミ,シンカン,,諸法考-dhammaの原意の探求と再構築一,,(6) 法と諸法と縁起一教団の形成と発展,,,,,,,,,,,,,,,,,,,,,,,,,,,,
msk2100,,,,,,,,,,,村上,真完,Murakami,Shinkan,ムラカミ,シンカン,,諸法・存在・真実,,実感に基く仏教の再構築,,,,,,,,,,,,,,,,,,,,,,,,,,,,
msk2110,,,,,,,,,,,村上,真完,Murakami,Shinkan,ムラカミ,シンカン,,法（dharma）と存在（bhāva）と存在しているもの（sat）,,,,,,,,,,,,,,,,,,,,,,,,,,,,,,
msk2120,,,,,,,,,,,村上,真完,Murakami,Shinkan,ムラカミ,シンカン,,諸法考-dhammaの原意の探求と再構築一,,,,,,,,,,,,,,,,,,,,,,,,,,,,,,
msk2130,,,,,,,,,,,村上,真完,Murakami,Shinkan,ムラカミ,シンカン,,日本仏教における絆の問題：原始仏教との対比,,,,,,,,,,,,,,,,,,,,,,,,,,,,,,
msk2140,,,,,,,,,,,村上,真完,Murakami,Shinkan,ムラカミ,シンカン,,空思想の一考察,,色即是空再考,,,,,,,,,,,,,,,,,,,,,,,,,,,,
msk2150,,,,,,,,,,,村上,真完,Murakami,Shinkan,ムラカミ,シンカン,,Dharma （dhamma　法）・artha（attha　義）・もの・こと,,仏典和訳の語彙体系の構築試論,,,,,,,,,,,,,,,,,,,,,,,,,,,,
msk2160,,,,,,,,,,,村上,真完,Murakami,Shinkan,ムラカミ,シンカン,,仏教における神観念,,ガンディーの宗教観と照らして,,,,,,,,,,,,,,,,,,,,,,,,,,,,
msk2170,,,,,,,,,,,村上,真完,Murakami,Shinkan,ムラカミ,シンカン,,Controversies between Buddhism and Indian philosophical schools,,On Caitanya (sentience  or intelligence) and the Existent (Sat) ,,,,,,,,,,,,,,,,,,,,,,,,,,,,
msk2180,,,,,,,,,,,村上,真完,Murakami,Shinkan,ムラカミ,シンカン,,石津照璽先生の捉える存在の極相,,,,The Ultimate Reality of Existence Ascertained by Prof. Dr. Ishizu Teruji,,,,,,,,,,,,,,,,,,,,,,,,,,
msk2190,,,,,,,,,,,村上,真完,Murakami,Shinkan,ムラカミ,シンカン,,直接知覚（現量）と超能力（神通）,,,,,,,,,,,,,,,,,,,,,,,,,,,,,,
msk2200,,,,,,,,,,,村上,真完,Murakami,Shinkan,ムラカミ,シンカン,,空が分かると和が可能になる,,般若心経類の空思想,,,,,,,,,,,,,,,,,,,,,,,,,,,,
msk2210,,,,,,,,,,,村上,真完,Murakami,Shinkan,ムラカミ,シンカン,,涅槃,,,,,,,,,,,,,,,,,,,,,,,,,,,,,,
msk2220,,,,,,,,,,,村上,真完,Murakami,Shinkan,ムラカミ,シンカン,,三宝,,,,,,,,,,,,,,,,,,,,,,,,,,,,,,
msk2230,,,,,,,,,,,村上,真完,Murakami,Shinkan,ムラカミ,シンカン,,新将来の北朝鮮（高麗）仏画（小壁画）の問題と整理,,,,,,,,,,,,,,,,,,,,,,,,,,,,,,
msk2240,,,,,,,,,,,村上,真完,Murakami,Shinkan,ムラカミ,シンカン,,高昌ベゼクリク窟寺の仏教再考,,誓願画等の流布観音信仰儀礼,,,,,,,,,,,,,,,,,,,,,,,,,,,,
msk2250,,,,,,,,,,,村上,真完,Murakami,Shinkan,ムラカミ,シンカン,,仏と神の違いの考察,,朝鮮（高麗）寺院壁画の男神・女神から一神教の神,,,,,,,,,,,,,,,,,,,,,,,,,,,,
msk2260,,,,,,,,,,,村上,真完,Murakami,Shinkan,ムラカミ,シンカン,,南アフリカの新仏教運動 Sat Chit Anand（sac-cid-ānanda）,,,,,,,,,,,,,,,,,,,,,,,,,,,,,,
msk2270,,,,,,,,,,,村上,真完,Murakami,Shinkan,ムラカミ,シンカン,,南アフリカの仏教初探,,国際化する仏教：開放系の思想の実践現場,,,,,,,,,,,,,,,,,,,,,,,,,,,,
msk2280,著書-1,GyosekiWord,,,,,,,,1,村上,真完,Murakami,Shinkan,ムラカミ,シンカン,,サーンクヤ哲学研究,,インド哲学における自我観,,,,,,,,,,,,,,春秋社,,,1978年7月,22+794+144+23 頁,,,,,,,,,,
msk2290,著書-2,GyosekiWord,,,,,,,,1,村上,真完,Murakami,Shinkan,ムラカミ,シンカン,,シルク・ロード遺跡の旅,,,,,,,,,,レグルス文庫 145,,,,,,第三文明社,,,1982年6月,8+240 頁,,,,,,,,,,
msk2300,著書-3,GyosekiWord,,,,,,,,1,村上,真完,Murakami,Shinkan,ムラカミ,シンカン,,サーンクヤの哲学,,インドの二元論,,,,,,,,サーラ叢書 27,,,,,,平楽寺書店,,,1982年11月,13+323+35 頁,,,,,,,,,,
msk2310,著書-4,GyosekiWord,,,,,,,,1,村上,真完,Murakami,Shinkan,ムラカミ,シンカン,,西域の仏教 ベゼクリク誓願画考,,,,,,,,,,,,,,,,第三文明社,,,1984年2月,18+350+27 頁,,,,,,,,,,
msk2320,著書-5,GyosekiWord,,,,,,,,2,村上,真完,Murakami,Shinkan,ムラカミ,シンカン,,真理の月光,,,,,,,,,,,,,,,,講談社,,,1984年8月,7+334+83 頁,,,,,,,,,,
msk2330,著書-6,GyosekiWord,,,,,,,,2,村上,真完,Murakami,Shinkan,ムラカミ,シンカン,,仏のことば註ーパラマッタ・ジョーティカー一(一),,,,,,,,,,インド古典叢書,,,,,,春秋社,,,1985年5月,54+539 頁,,,,,,,,,,
msk2340,著書-7,GyosekiWord,,,,,,,,2,村上,真完,Murakami,Shinkan,ムラカミ,シンカン,,仏のことば註ーパラマッタ・ジョーティカー一(二),,,,,,,,,,,,,,,,春秋社,,,1986年6月,18+698 頁,,,,,,,,,,
msk2350,著書-8,GyosekiWord,,,,,,,,2,村上,真完,Murakami,Shinkan,ムラカミ,シンカン,,仏のことば註ーパラマッタ・ジョーティカー一(三),,,,,,,,,,,,,,,,春秋社,,,1988年1月,24+864 頁,,,,,,,,,,
msk2360,著書-9,GyosekiWord,,,,,,,,2,村上,真完,Murakami,Shinkan,ムラカミ,シンカン,,仏のことば註ーパラマッタ・ジョーティカー一(四),,,,,,,,,,,,,,,,春秋社,,,1989年10月,20+506 頁,,,,,,,,,,
msk2370,著書-10,GyosekiWord,,,,,,,,2,村上,真完,Murakami,Shinkan,ムラカミ,シンカン,,仏のことば註ーパラマック・ジョーティカー一研究,,仏と聖典の伝承,,,,,,,,,,,,,,春秋社,,,1990年2月,7+528+45 頁,,,,,,,,,,
msk2380,著書-11,GyosekiWord,,,,,,,,1,村上,真完,Murakami,Shinkan,ムラカミ,シンカン,,インド哲学概論,,,,,,,,,,,,,,,,平楽寺書店,,,1991年9月,10+451 頁,,,,,,,,,,
msk2390,著書-12,GyosekiWord,,,,,,,,2,村上,真完,Murakami,Shinkan,ムラカミ,シンカン,,新国訳大蔵経文殊経典 1,,,,,,,,,,,,,,,,大蔵出版,,,1994年11月,513 頁,,,,,,,,,,