ProjectID,GyosekiNo,DataSource,Status,ReconciliationNotes,PDF_Link,INBUDS_ArticleID,INBUDS_MediaID,ArticleType,Language,AuthorshipType,Author_FamilyName,Author_FirstName,Author_FamilyName_Roman,Author_FirstName_Roman,Author_FamilyName_Yomi,Author_FirstName_Yomi,Author_Affiliation,Title,Title_Yomi,Subtitle,Title_JA_Translation,Title_EN_Translation,Subtitle_JA_Translation,Subtitle_EN_Translation,PageStart,PageEnd,PageWritingDirection,Publication_MediaName,Publication_MediaName_Yomi,Publication_MediaName_EN,Publication_PartName,Publication_Theme,Publication_Editor,Publisher,Publication_Country,Publication_Place,Publication_Date,Volume,Issue,SerialNumber,ISSN,ISBN,Keyword_Region,Keyword_Period,Keyword_Field,Keyword_Person,Keyword_Document,Keyword_Term
msk0010,論文-1,GyosekiWord,,,,,,1,1,1,平野,真完,Hirano,Shinkan,ヒラノ,シンカン,八戸工業高等専門学校講師,阿含に於ける四梵住について,,,,,,,154,155,,印度学仏教学研究,,,,,,日本印度学仏教学会,1,東京,1960年3月,8,2,,,,,,,,,
msk0020,論文-2,GyosekiWord,,,,,,1,1,1,平野,真完,Hirano,Shinkan,ヒラノ,シンカン,八戸工業高等専門学校講師,阿含に於ける生天思想の一断面,,慈悲あるいは四梵住との関連に於いて,,,,,80,81,,仏教論叢,,,,,,浄土宗教学院,1,京都,1960年3月,,,8,,,,,,,,
msk0030,論文-3,GyosekiWord,,,,,,1,1,1,平野,真完,Hirano,Shinkan,ヒラノ,シンカン,八戸工業高等専門学校講師,阿含に於ける四梵住について,,,,,,,77,91,,法然学会論叢,,,,,,,1,,1960年11月,,,1,,,,,,,,
msk0040,論文-4,GyosekiWord,,,,,,1,1,1,平野,真完,Hirano,Shinkan,ヒラノ,シンカン,八戸工業高等専門学校講師,過去佛について,,,,,,,128,129,,印度学仏教学研究,,,,,,日本印度学仏教学会,1,東京,1961年3月,9,2,,,,,,,,,
msk0050,論文-5,GyosekiWord,,,,,,1,1,1,平野,真完,Hirano,Shinkan,ヒラノ,シンカン,八戸工業高等専門学校講師,Mahāparinirvāṇasūtra（大般涅槃経）における二，三の問題,,,,,,,93,94,,宗教研究,,,,,,,1,,1961年12月,,,170,,,,,,,,
msk0060,論文-6,GyosekiWord,,,,,,1,1,1,平野,真完,Hirano,Shinkan,ヒラノ,シンカン,八戸工業高等専門学校講師,阿含ニカーヤの偈頌について,,,,,,,286,289,,印度学仏教学研究,,,,,,日本印度学仏教学会,1,東京,1962年1月,10,1,,,,,,,,,
msk0070,論文-7,GyosekiWord,,,,,,1,1,1,平野,真完,Hirano,Shinkan,ヒラノ,シンカン,八戸工業高等専門学校講師,ベゼクリク第九号窟寺銘文による誓願画の考察,,,,,,,27,44,,美術研究,,,,,,,1,,1962年3月,,,218,,,,,,,,
msk0080,論文-8,GyosekiWord,,,,,,1,1,1,平野,真完,Hirano,Shinkan,ヒラノ,シンカン,八戸工業高等専門学校講師,誓願について,,特に根本説一切有部律における,,,,,8,8,,東北印度学宗教学会学報,,,,,,,1,仙台,1962年5月,,,1,,,,,,,,
msk0090,論文-9,GyosekiWord,,,,,,1,1,1,平野,真完,Hirano,Shinkan,ヒラノ,シンカン,八戸工業高等専門学校講師,Daśottarasūtra（十上経）について,,,,,,,112,113,,宗教研究,,,,,,,1,,1963年1月,,,174,,,,,,,,
msk0100,論文-10,GyosekiWord,,,,,,1,1,1,平野,真完,Hirano,Shinkan,ヒラノ,シンカン,八戸工業高等専門学校講師,因縁相応の梵文資料,,印度古塔出土の煉瓦銘文の内容比定,,,,,158,161,,印度学仏教学研究,,,,,,日本印度学仏教学会,1,東京,1964年1月,12,1,,,,,,,,,
msk0110,論文-11,GyosekiWord,,,,,,1,1,1,平野,真完,Hirano,Shinkan,ヒラノ,シンカン,八戸工業高等専門学校講師,Paṇidhi誓願,,ニカーヤ阿含における,,,,,42,44,,仏教論叢,,,,,,,1,,1964年10月,,,10,,,,,,,,
msk0120,論文-12,GyosekiWord,,,,,,1,1,1,平野,真完,Hirano,Shinkan,ヒラノ,シンカン,八戸工業高等専門学校講師,縁起成道説資料,,,,,,,187,191,,印度学仏教学研究,,,,,,日本印度学仏教学会,1,東京,1965年1月,13,1,,,,,,,,,
msk0130,論文-13,GyosekiWord,,,,,,1,1,1,平野,真完,Hirano,Shinkan,ヒラノ,シンカン,八戸工業高等専門学校講師,Samādhirājasūtraの本文発達について,,,,,,,199,204,,印度学仏教学研究,,,,,,日本印度学仏教学会,1,東京,1966年3月,14,2,,,,,,,,,
msk0140,論文-14,GyosekiWord,,,,,,1,1,1,平野,真完,Hirano,Shinkan,ヒラノ,シンカン,八戸工業高等専門学校講師,月燈三昧経における仏陀観,,,,,,,105,120,,日本仏教学会年報,,,,,,,1,,1966年3月,,,31,,,,,,,,
msk0150,論文-15,GyosekiWord,,,,,,1,1,1,村上,真完,Murakami,Shinkan,ムラカミ,シンカン,八戸工業高等専門学校講師,Samādhirājasūtra研究1，17， 38－39 章の比較対照,,,,,,,65,80,,八戸工業高等専門学校紀要,,,,,,,1,,1966年12月,,,1,,,,,,,,
msk0160,論文-16,GyosekiWord,,,,,,1,1,1,平野,真完,Hirano,Shinkan,ヒラノ,シンカン,八戸工業高等専門学校講師,仏教における救いについて,,,,,,,13,14,,東北印度学宗教学会会報,,,,,,,1,,1967年1月,,,3,,,,,,,,
msk0170,論文-17,GyosekiWord,,,,,,1,1,1,平野,真完,Hirano,Shinkan,ヒラノ,シンカン,八戸工業高等専門学校講師,Samādhirājasūtra 第一章，第十七章，第三十八－三十九章,,,,,,,234,240,,印度学仏教学研究,,,,,,日本印度学仏教学会,1,東京,1967年3月,15,2,,,,,,,,,
msk0180,論文-18,GyosekiWord,,,,,,1,1,1,平野,真完,Hirano,Shinkan,ヒラノ,シンカン,八戸工業高等専門学校講師,月燈三昧経における戒の問題,,,,,,,47,65,,日本仏教学会年報,,,,,,,1,,1967年3月,,,32,,,,,,,,
msk0190,論文-19,GyosekiWord,,,,,,1,1,1,平野,真完,Hirano,Shinkan,ヒラノ,シンカン,八戸工業高等専門学校講師,Samādhirājasūtraの語彙研究,,,,,,,72,109,,八戸工業高等専門学校紀要,,,,,,,1,,1967年12月,,,2,,,,,,,,
msk0200,論文-20,GyosekiWord,,,,,,1,1,1,平野,真完,Hirano,Shinkan,ヒラノ,シンカン,八戸工業高等専門学校講師,Samādhirājasūtraの成立について,,,,,,,359,362,,印度学仏教学研究,,,,,,日本印度学仏教学会,1,東京,1968年3月,16,2,,,,,,,,,
msk0210,論文-21,GyosekiWord,,,,,,6,1,1,平野,真完,Hirano,Shinkan,ヒラノ,シンカン,八戸工業高等専門学校講師,前田恵学著『原始仏教聖典の成立史研究』における若干の問題について,,,,,,,136,146,,文化,,,,,,,1,,1968年3月,31,4,,,,,,,,,
msk0220,論文-22,GyosekiWord,,,,,,1,1,1,平野,真完,Hirano,Shinkan,ヒラノ,シンカン,八戸工業高等専門学校講師,慈悲・愛,,初期仏教資料における,,,,,68,69,,東北印度学宗教学会論集,,,,,,,1,,1968年5月,,,1,,,,,,,,
msk0230,論文-23,GyosekiWord,,,,,,1,1,1,平野,真完,Hirano,Shinkan,ヒラノ,シンカン,八戸工業高等専門学校講師,Rāṣṭrapālaparipṛcchāの語彙,,,,,,,61,83,,八戸工業高等専門学校紀要,,,,,,,1,,1968年12月,,,3,,,,,,,,
msk0240,論文-24,GyosekiWord,,,,,,1,1,1,平野,真完,Hirano,Shinkan,ヒラノ,シンカン,八戸工業高等専門学校講師,Pūrvayogaについて,,,,,,,84,86,,宗教研究,,,,,,,1,,1969年3月,,,198,,,,,,,,
msk0250,論文-25,GyosekiWord,,,,,,1,1,1,平野,真完,Hirano,Shinkan,ヒラノ,シンカン,八戸工業高等専門学校講師,佛伝としての過去現在因果経,,,,,,,1,11,,絵因果経,,,,,亀田 孜,角川書店,1,東京,1969年4月,,,,,,,,,,,
msk0260,論文-26,GyosekiWord,,,,,,1,1,1,平野,真完,Hirano,Shinkan,ヒラノ,シンカン,東北大学文学部助教授,阿含に関するサンスクリット資料について,,,,,,,1,8,,国訳一切経印度撰述部月報『三蔵』,,,,,,,1,,1969年12月,,,9,,,,,,,,
msk0270,論文-27,GyosekiWord,,,,,,1,1,1,村上,真完,Murakami,Shinkan,ムラカミ,シンカン,東北大学文学部助教授,Praśāntaviniścayaprātihāryasūtraについて,,,,,,,426,430,,印度学仏教学研究,,,,,,日本印度学仏教学会,1,東京,1970年3月,18,2,,,,,,,,,
msk0280,論文-28,GyosekiWord,,,,,,1,1,1,村上,真完,Murakami,Shinkan,ムラカミ,シンカン,東北大学文学部助教授,マイトリ・ウパニシャッドにおける無我について,,,,,,,1,32,,文化,,,,,,,1,,1970年8月,34,1 • 2,,,,,,,,,
msk0290,論文-29,GyosekiWord,,,,,,1,1,1,村上,真完,Murakami,Shinkan,ムラカミ,シンカン,東北大学文学部助教授,原始仏教における愛と慈悲,,,,,,,41,82,,宗教研究,,,,,,,1,,1971年1月,,,206,,,,,,,,
msk0300,論文-30,GyosekiWord,,,,,,1,1,1,村上,真完,Murakami,Shinkan,ムラカミ,シンカン,東北大学文学部助教授,Nirātmanとanātman,,マィトリ・ウバニシャッドの無我と原始仏教,,,,,61,68,,印度学仏教学研究,,,,,,日本印度学仏教学会,1,東京,1971年3月,19,2,,,,,,,,,
msk0310,論文-31,GyosekiWord,,,,,,1,1,1,村上,真完,Murakami,Shinkan,ムラカミ,シンカン,東北大学文学部助教授,ヤージュニヤヴァルクヤのアートマン説と原始仏教,,,,,,,114,116,,宗教研究,,,,,,,1,,1971年3月,,,206,,,,,,,,
msk0320,論文-32,GyosekiWord,,,,,,1,1,1,村上,真完,Murakami,Shinkan,ムラカミ,シンカン,東北大学文学部助教授,慈悲行の成立に関して,,,,,,,1,18,,日本仏教社会福祉学会年報,,,,,,,1,,1971年5月,,,2•3,,,,,,,,
msk0330,論文-33,GyosekiWord,,,,,,1,1,1,村上,真完,Murakami,Shinkan,ムラカミ,シンカン,東北大学文学部助教授,大乗における在家と出家の問題,,大乗仏教成立史論に関連して,,,,,1,18,,仏教史学,,,,,,,1,,1971年5月,15,1,,,,,,,,,
msk0340,論文-34,GyosekiWord,,,,,,1,1,1,村上,真完,Murakami,Shinkan,ムラカミ,シンカン,東北大学文学部助教授,Pūrvayoga（過去の因縁）,,大乗経典の過去世物語に関連して,,,,,32,60,,密教文化,,,,,,,1,,1971年3月,,,95,,,,,,,,
msk0350,論文-35,GyosekiWord,,,,,,1,1,1,村上,真完,Murakami,Shinkan,ムラカミ,シンカン,東北大学文学部助教授,アートマンと光の表象,,古ウパニシャドと原始仏教,,,,,110,114,,印度学仏教学研究,,,,,,日本印度学仏教学会,1,東京,1971年12月,20,1,,,,,,,,,
msk0360,論文-36,GyosekiWord,,,,,,1,1,1,村上,真完,Murakami,Shinkan,ムラカミ,シンカン,東北大学文学部助教授,月燈三昧経と無量寿経,,,,,,,2,6,,浄全月報,,,,,,,1,,1972年1月,,,19,,,,,,,,
msk0370,論文-37,GyosekiWord,,,,,,1,1,1,村上,真完,Murakami,Shinkan,ムラカミ,シンカン,東北大学文学部助教授,古ウパニシャドのアートマン（我）と原始仏教,,光の表象と自洲自帰依をめぐって,,,,,143,184,,文化,,,,佐藤博士古稀記念,,,1,,1972年8月,36,1 • 2,,,,,,,,,
msk0380,論文-38,GyosekiWord,,,,,,1,1,1,村上,真完,Murakami,Shinkan,ムラカミ,シンカン,東北大学文学部助教授,サーンクヤ（数論）の解脱の主体について,,サーンクャ・カーリカー（数論頌）六四をめぐって,,,,,393,422,,仏教思想論叢,,,,,,山喜房仏書林,1,東京,1972年11月,,,,,,,,,,,
msk0390,論文-39,GyosekiWord,,,PDF/村上真完[1972] - サーンクヤ哲学における解脱の問題.pdf,,,1,1,1,村上,真完,Murakami,Shinkan,ムラカミ,シンカン,東北大学文学部助教授,サーンクヤ哲学における解脱の問題,,,,,,,74,79,,印度学仏教学研究,,,,,,日本印度学仏教学会,1,東京,1972年12月,21,1,,,,,,,,,
msk0400,論文-40,GyosekiWord,,,,,,1,1,1,村上,真完,Murakami,Shinkan,ムラカミ,シンカン,東北大学文学部助教授,サーンクヤ哲学と無我の問題,,,,,,,103,105,,宗教研究,,,,,,,1,,1973年3月,,,214,,,,,,,,
msk0410,論文-41,GyosekiWord,,「サンスクリット本」と「城邑経」の間の全角スペースは原典にあるか要確認,,,,1,1,1,村上,真完,Murakami,Shinkan,ムラカミ,シンカン,東北大学文学部助教授,サンスクリット本　城邑経（nagara）,,十支縁起と十二縁起（その一）,,,,,20,47,,仏教研究,,,,,,国際仏教徒協会,1,浜松,1973年8月,,,3,,,,,,,,
msk0420,論文-42,GyosekiWord,,「サーンクヤ哲学における」ではないか？原典要確認,,,,1,1,1,村上,真完,Murakami,Shinkan,ムラカミ,シンカン,東北大学文学部助教授,サーンクヤ哲学おけるプルシャ（霊我）の偏在と一・多の問題,,,,,,,35,94,,東北大学日本文化研究所研究報告,,,,,,,1,,1974年3月,,,10,,,,,,,,
msk0430,論文-43,GyosekiWord,,,,,,1,1,1,村上,真完,Murakami,Shinkan,ムラカミ,シンカン,東北大学文学部助教授,サーンクヤ哲学と無我の問題（序説）,,,,,,,36,117,,東北大学文学部研究年報,,,,,,,1,,1974年3月,,,23,,,,,,,,
msk0440,論文-44,GyosekiWord,,,,,,1,1,1,村上,真完,Murakami,Shinkan,ムラカミ,シンカン,東北大学文学部助教授,プルシャとアートマン,,マイトリ・ウパニシャッドの用例とサーンクヤ哲学,,,,,83,84,,宗教研究,,,,,,,1,,1974年3月,,,218,,,,,,,,
msk0450,論文-45,GyosekiWord,,,,,,1,1,1,村上,真完,Murakami,Shinkan,ムラカミ,シンカン,東北大学文学部助教授,ヴァイシェーシカ・スートラにおけるアートマン,,,,,,,186,187,,印度学仏教学研究,,,,,,日本印度学仏教学会,1,東京,1975年3月,23,2,,,,,,,,,
msk0460,論文-46,GyosekiWord,,,,,,1,1,1,村上,真完,Murakami,Shinkan,ムラカミ,シンカン,東北大学文学部助教授,サーンクヤ哲学の霊我とヴェーダーンタ哲学の個我,,,,,,,78,115,,東北大学文学部研究年報,,,,,,,1,,1975年3月,,,24,,,,,,,,
msk0470,論文-47,GyosekiWord,,,,,,1,1,1,村上,真完,Murakami,Shinkan,ムラカミ,シンカン,東北大学文学部助教授,いわゆるパンチャシカ断片（四）とヴェーダーンタ哲学の個我,,,,,,,93,94,,宗教研究,,,,,,,1,,1975年3月,,,222,,,,,,,,
msk0480,論文-48,GyosekiWord,,,,,,6,1,1,村上,真完,Murakami,Shinkan,ムラカミ,シンカン,東北大学文学部助教授,山口恵照著『サーンキヤ哲学体系の展開⸺究極的な「転迷開悟」の道』（書評）,,,,,,,71,74,,鈴木学術財団研究年報,,,,,,,1,,1975年9月,,,11,,,,,,,,
msk0490,論文-49,GyosekiWord,,,,,,1,1,1,村上,真完,Murakami,Shinkan,ムラカミ,シンカン,東北大学文学部助教授,ヴァィシェーシカ哲学におけるアートマン存在の論証,,,,,,,1,56,,東北大学文学部研究年報,,,,,,,1,,1976年3月,,,25,,,,,,,,
msk0500,論文-50,GyosekiWord,,,,,,1,1,1,村上,真完,Murakami,Shinkan,ムラカミ,シンカン,東北大学文学部助教授,ヴァィシェーシカ哲学のアートマン,,サーンクヤ哲学のプルシャと対比される,,,,,141,175,,東北大学日本文化研究所研究報告,,,,,,,1,,1976年3月,,,12,,,,,,,,
msk0510,論文-51,GyosekiWord,,,,,,1,1,1,村上,真完,Murakami,Shinkan,ムラカミ,シンカン,東北大学文学部助教授,Sāṃkhyakārikā註Jayamaṅgalā,,,,,,,32,38,,印度学仏教学研究,,,,,,日本印度学仏教学会,1,東京,1976年3月,24,2,,,,,,,,,
msk0520,論文-52,GyosekiWord,,,,,,1,1,1,村上,真完,Murakami,Shinkan,ムラカミ,シンカン,東北大学文学部助教授,プルシャとアートマン（2）,,,,,,,184,185,,宗教研究,,,,,,,1,,1976年3月,,,226,,,,,,,,
msk0530,論文-53,GyosekiWord,,,,,,1,1,1,村上,真完,Murakami,Shinkan,ムラカミ,シンカン,東北大学文学部助教授,渇愛の滅と無所有,,Moksadharmaparvanと原始仏教聖典との併行例,,,,,148,149,,宗教研究,,,,,,,1,,1976年12月,,,230,,,,,,,,
msk0540,論文-54,GyosekiWord,,,,,,1,1,1,村上,真完,Murakami,Shinkan,ムラカミ,シンカン,東北大学文学部助教授,aṅguṣṭhamātra puruṣa（親指大のプルシャ）について,,,,,,,102,109,,印度学仏教学研究,,,,,,日本印度学仏教学会,1,東京,1977年3月,25,2,,,,,,,,,
msk0550,論文-55,GyosekiWord,,,,,,1,1,1,村上,真完,Murakami,Shinkan,ムラカミ,シンカン,東北大学文学部助教授,仏教における社会福祉の理念の原型,,,,,,,151,165,,仏教と社会福祉,,,,秦隆真先生追悼論文集,,,1,,1977年7月,,,,,,,,,,,
msk0560,論文-56,GyosekiWord,,,,,,1,1,1,村上,真完,Murakami,Shinkan,ムラカミ,シンカン,東北大学文学部助教授,インド語,,,,,,,47,48,,国語学研究事典,,,,,佐藤喜代治,明治書院,1,東京,1977年11月,,,,,,,,,,,
msk0570,論文-57,GyosekiWord,,,,,,6,1,1,村上,真完,Murakami,Shinkan,ムラカミ,シンカン,東北大学文学部助教授,『玉城康四郎博士還暦記念論集　仏の研究』（書評）,,,,,,,145,146,,東北印度学宗教学会　論集,,,,,,,1,,1977年11月,,,,,,,,,,,
msk0580,論文-58,GyosekiWord,,,,,,1,1,1,村上,真完,Murakami,Shinkan,ムラカミ,シンカン,東北大学文学部助教授,サーンクヤ哲学における業、法・非法とヴァイシェーシカ哲学,,,,,,,107,117,,東北印度学宗教学会　論集,,,,,,,1,,1977年12月,,,4,,,,,,,,
msk0590,論文-59,GyosekiWord,,,,,,1,1,1,村上,真完,Murakami,Shinkan,ムラカミ,シンカン,東北大学文学部助教授,四無量再考,,,,,,,20,39,,日本仏教社会福祉学会年報,,,,,,,1,,1978年3月,,,9 • 10 合併号,,,,,,,,
msk0600,論文-60,GyosekiWord,,,,,,1,1,1,村上,真完,Murakami,Shinkan,ムラカミ,シンカン,東北大学文学部助教授,雑阿含経（下）,,,,,,,126,134,,大法輪,,,,,,,1,,1978年6月,45,6,,,,,,,,,
msk0610,論文-61,GyosekiWord,,,,,,1,1,1,村上,真完,Murakami,Shinkan,ムラカミ,シンカン,東北大学文学部助教授,サーンクヤ哲学と仏教,,,,,,,137,141,,仏教論叢,,,,,,,1,,1978年10月,,,22,,,,,,,,
msk0620,論文-62,GyosekiWord,,,,,,1,1,1,村上,真完,Murakami,Shinkan,ムラカミ,シンカン,東北大学文学部助教授,インドにおける哲学のはじめ,,,,,,,93,95,,東北印度学宗教学会　論集,,,,,,,1,,1978年12月,,,5,,,,,,,,
msk0630,論文-63,GyosekiWord,,,,,,6,1,1,村上,真完,Murakami,Shinkan,ムラカミ,シンカン,東北大学文学部助教授,丸山孝雄『法華教学研究序説　吉蔵における受容と展開』（書評）,,,,,,,125,128,,東北印度学宗教学会　論集,,,,,,,1,,1978年12月,,,5,,,,,,,,
msk0640,論文-64,GyosekiWord,,,,,,1,1,1,村上,真完,Murakami,Shinkan,ムラカミ,シンカン,東北大学文学部助教授,サーンクヤ哲学における業の問題,,ヴァィシェーシカ哲学とも関連して,,,,,536,578,,業思想研究,,,,,雲井昭善,平楽寺書店,1,京都,1979年2月,,,,,,,,,,,
msk0650,論文-65,GyosekiWord,,,,,,1,1,1,村上,真完,Murakami,Shinkan,ムラカミ,シンカン,東北大学文学部助教授,インド哲学における哲学の原語,,,,,,,169,171,,宗教研究,,,,,,,1,,1979年2月,,,238,,,,,,,,
msk0660,論文-66,GyosekiWord,,,,,,1,1,1,村上,真完,Murakami,Shinkan,ムラカミ,シンカン,東北大学文学部助教授,五火二道説の展開,,,,,,,47,52,,印度学仏教学研究,,,,,,日本印度学仏教学会,1,東京,1979年3月,27,2,,,,,,,,,
msk0670,論文-67,GyosekiWord,,,,,,1,1,1,村上,真完,Murakami,Shinkan,ムラカミ,シンカン,東北大学文学部助教授,玉城康四郎先生の業績と学風,,,,,,,76,80,,文化,,,,,,,1,,1979年3月,42,3 • 4,,,,,,,,,
msk0680,論文-68,GyosekiWord,,目録には「第4巻」とあるが、論文-67に同じ雑誌が「第42巻」とあり誤字が疑われる。ただし号数が前行より遡るので同名の別誌かも,,,,1,1,1,村上,真完,Murakami,Shinkan,ムラカミ,シンカン,東北大学文学部助教授,死後の運命と知と業,,五火二道説考（上）,,,,,20,48,,文化,,,,,,,1,,1979年9月,4,1 • 2,,,,,,,,,
msk0690,論文-69,GyosekiWord,,,PDF/村上真完[1979] - インド哲学史における心の発見.pdf,,,1,1,1,村上,真完,Murakami,Shinkan,ムラカミ,シンカン,東北大学文学部助教授,インド哲学史における心の発見,,,,,,,95,99,,仏教論叢,,,,,,,1,,1979年10月,,,23,,,,,,,,
msk0700,論文-70,GyosekiWord,,,,,,1,1,1,村上,真完,Murakami,Shinkan,ムラカミ,シンカン,東北大学文学部助教授,知行併合説（samuccaya-vāda）,,,,,,,16,21,,印度学仏教学研究,,,,,,日本印度学仏教学会,1,東京,1979年12月,28,1,,,,,,,,,
msk0710,論文-71,GyosekiWord,,,,,,1,1,1,村上,真完,Murakami,Shinkan,ムラカミ,シンカン,東北大学文学部助教授,マハーバハーラタと仏教（一）,,,,,,,95,96,,東北印度学宗教学会　論集,,,,,,,1,,1979年12月,,,6,,,,,,,,
msk0720,論文-72,GyosekiWord,,,,,,1,1,1,村上,真完,Murakami,Shinkan,ムラカミ,シンカン,東北大学文学部助教授,Sannyāsa（捨離、遁世）考,,,,,,,158,159,,宗教研究,,,,,,,1,,1980年2月,,,242,,,,,,,,
msk0730,論文-73,GyosekiWord,,,,,,1,1,1,村上,真完,Murakami,Shinkan,ムラカミ,シンカン,東北大学文学部助教授,無欲と無所有,,マハーバハーラタと仏教（一）,,,,,141,213,,東北大学文学部研究年報,,,,,,,1,,1980年3月,,,29,,,,,,,,
msk0740,論文-74,GyosekiWord,,,,,,1,1,1,村上,真完,Murakami,Shinkan,ムラカミ,シンカン,東北大学文学部助教授,江戸時代におけるインド哲学研究,,,,,,,24,31,,江戸後期の比較文化的考察研究報告,,,,,,東北大学日本文化研究所,1,仙台,1980年3月,,,,,,,,,,,
msk0750,論文-75,GyosekiWord,,,,,,1,1,1,村上,真完,Murakami,Shinkan,ムラカミ,シンカン,東北大学文学部助教授,インド哲学における知と行,,jn̄ānaとkarmanに関するYukti-dipikāの議論,,,,,1,18,,日本仏教学会年報,,,,,,,1,,1980年3月,,,45,,,,,,,,
msk0760,論文-76,GyosekiWord,,,,,,1,1,1,村上,真完,Murakami,Shinkan,ムラカミ,シンカン,東北大学文学部助教授,永遠の有と転変,,サーンクヤ哲学と世親,,,,,3,30,,仏教思想史,,,,,,,1,,1980年6月,,,2,,,,,,,,
msk0770,論文-77,GyosekiWord,1_New,https://www.journaloi.com/index.php/JOI 著作目録とINBUDSでページ数が1頁異なる。著作目録の197頁を正とする。,n/a,n/a,n/a,1,2,1,村上,真完,Murakami,Shinkan,ムラカミ,シンカン,東北大学文学部助教授,Puruṣa of the Sāṃkhya Philosophy and ātman of the Vedānta Philosophy,プルシャ オブ ザ サーンクヤ フィロソフィー アンド アートマン オブ ザ ヴェーダーンタ フィロソフィー, with reference to the so-called Paficasikha Fragment 4,サーンクヤ哲学のプルシャとヴェーダーンタ哲学のアートマン,On the Four Brahma-vihāras in the Āgamas,いわゆるパンチャシカ断片4に関連して,Focusing on the Self-Island and Self-Reliance,169,197,,Journal of the Oriental Institute,,,,,,M. S. University of Baroda,インド,Baroda,1980年3月-6月,24,3-4,,,,インド,古代,インド哲学,Pañcaśikha,Sāṃkhyakārikā,puruṣa
msk0780,論文-78,GyosekiWord,,,,,,1,1,1,村上,真完,Murakami,Shinkan,ムラカミ,シンカン,東北大学文学部助教授,死後の運命と知と業,,五火二道説考（下）,,,,,1,15,,文化,,,,,,,1,,1980年9月,44,1・2,,,,,,,,,
msk0790,論文-79,GyosekiWord,,,,,,1,1,1,村上,真完,Murakami,Shinkan,ムラカミ,シンカン,東北大学文学部助教授,霊我とこころ,,サーンクヤ哲学における,,,,,160,190,,仏教学,,,,仏教と心,,,1,,1980年10月,,,9 • 10,,,,,,,,
msk0800,論文-80,GyosekiWord,,,,,,1,1,1,村上,真完,Murakami,Shinkan,ムラカミ,シンカン,東北大学文学部助教授,有神論サーンクヤ ,,Seśvara-Sāṃkhya,,,,,139,143,,東北印度学宗教学会　論集,,,,,,,1,,1980年6月,,,7,,,,,,,,
msk0810,論文-81,GyosekiWord,,,,,,6,1,1,村上,真完,Murakami,Shinkan,ムラカミ,シンカン,東北大学文学部助教授,金倉圓照『シャンカラの哲学　ブラフマ・スートラ釈論の全訳』上（書評）,,,,,,,170,175,,東北印度学宗教学会　論集,,,,,,,1,,1980年6月,,,,,,,,,,,
msk0820,論文-82,GyosekiWord,,,,,,6,1,1,村上,真完,Murakami,Shinkan,ムラカミ,シンカン,東北大学文学部助教授,塚本啓祥『改定増補　初期佛教教團史の研究』（書評）,,,,,,,175,177,,東北印度学宗教学会　論集,,,,,,,1,,1980年6月,,,,,,,,,,,
msk0830,論文-83,GyosekiWord,,,,,,1,1,1,村上,真完,Murakami,Shinkan,ムラカミ,シンカン,東北大学文学部助教授,世界創造神の証明とその批判,,サーンクヤ派の神観念,,,,,539,588,,神観念の比較文化論的研究,,,,,東北大学日本文化研究所,講談社,1,東京,1981年2月,,,,,,,,,,,
msk0840,論文-84,GyosekiWord,,,,,,,,,村上,真完,Murakami,Shinkan,ムラカミ,シンカン,東北大学文学部助教授,ベゼクリクの誓願画とその仏陀観,,,,,,,298,299,,宗教研究,,,,,,,1,,1981年2月,,,246,,,,,,,,
msk0850,論文-85,GyosekiWord,,,,,,1,1,1,村上,真完,Murakami,Shinkan,ムラカミ,シンカン,東北大学文学部助教授,無常観と出家志向,,マハーバハーラタと原始仏教,,,,,51,74,,仏教研究,,,,,国際仏教徒協会,,1,浜松,1981年3月,,,10,,,,,,,,
msk0860,論文-86,GyosekiWord,,論文85とZ列AA列が同じだが間違いではないか？,,,,1,1,1,村上,真完,Murakami,Shinkan,ムラカミ,シンカン,東北大学文学部助教授,幸福をめぐる仏教とインド哲学諸学派との比較,,,,,,,51,74,,仏教における幸福の追究,,,,昭和55年度科学研究費補助金研究成果報告書,村上真完,,1,,1981年3月,,,,,,,,,,,
msk0870,論文-87,GyosekiWord,,,PDF/村上真完[1982] - インド思想史における心の問題.pdf,,,1,1,1,村上,真完,Murakami,Shinkan,ムラカミ,シンカン,東北大学文学部助教授,インド思想史における心の問題,,,,,,,522（15）,527（20）,,印度学仏教学研究,,,,,,日本印度学仏教学会,1,東京,1982年3月,30,2,,,,,,,,,
msk0880,論文-88,GyosekiWord,,,PDF/村上真完[1982] - 仏の成道以前の物語と時間について.pdf,,,1,1,1,村上,真完,Murakami,Shinkan,ムラカミ,シンカン,東北大学文学部助教授,仏の成道以前の物語と時間について,,,,,,,71,75,,仏教論叢,,,,,,,1,,1982年9月,,,26,,,,,,,,
msk0890,論文-89,GyosekiWord,,,,,,6,1,1,村上,真完,Murakami,Shinkan,ムラカミ,シンカン,東北大学文学部助教授,アルスドルフ記念論文集『ジャイナ教と仏教についての諸研究』（書評）,,,,,,,20,29,,文化,,,,,,,1,,1982年9月,46,1 • 2,,,,,,,,,
msk0900,論文-90,GyosekiWord,,,,,,1,1,1,村上,真完,Murakami,Shinkan,ムラカミ,シンカン,東北大学文学部助教授,認識から解脱への筋道,,サーンクヤ哲学における,,,,,355,403,,仏教思想,,,,解脱,,平楽寺書店,1,京都,1982年10月,,,8,,,,,,,,
msk0910,論文-91,GyosekiWord,,,,,,1,1,1,村上,真完,Murakami,Shinkan,ムラカミ,シンカン,東北大学文学部助教授,インドにおける儀礼とその批判,,五火二道説によせて,,,,,41,45,,朝鮮儀礼の研究比較⸺文化史的観点より,,,,昭和57年度科学研究費補助金研究成果報告書,井上秀雄,,1,,1983年2月,,,,,,,,,,,
msk0920,論文-92,GyosekiWord,,,,,,1,1,1,村上,真完,Murakami,Shinkan,ムラカミ,シンカン,東北大学文学部助教授,出家遁世考,,解脱の道としての擁護と批判,,,,,1,20,,文化,,,,,,,1,,1983年9月,47,1 • 2,,,,,,,,,
msk0930,論文-93,GyosekiWord,,,,,,1,1,1,村上,真完,Murakami,Shinkan,ムラカミ,シンカン,東北大学文学部助教授,火焔にゆらぐベゼクリク千仏洞,,,,,,,,,,第14回朝日歴史教室「西域の美と古都」,,,,,,,1,,1983年10月,,,,,,,,,,,
msk0940,論文-94,GyosekiWord,,目録に通号（AO列）「51・2号」とあったので「51・52号」と変更した,PDF/村上真完[1983] - 古代インドの身心観と仏教.pdf,,,1,1,1,村上,真完,Murakami,Shinkan,ムラカミ,シンカン,東北大学文学部助教授,古代インドの身心観と仏教,,,,,,,25,42,,南都仏教,,,,,,,1,,1983年12月,,,51・52,,,,,,,,
msk0941,,,,出所不明？,,,,1,1,1,村上,真完,Murakami,Shinkan,ムラカミ,シンカン,東北大学文学部助教授,Yuktid1pika (Y)の写本,,,,,,,172,173,,宗教研究,,,,,,,1,,1984年3月,,,259,,,,,,,,
msk0950,論文-95,GyosekiWord,,,,,,4,1,1,村上,真完,Murakami,Shinkan,ムラカミ,シンカン,東北大学文学部助教授,ユクテｨ・デｨーピカー訳註（一）,,,,,,,37,69,,東北大学文学部研究年報,,,,,,,1,,1984年3月,,,33,,,,,,,,
msk0960,論文-96,GyosekiWord,,,,,,1,1,1,村上,真完,Murakami,Shinkan,ムラカミ,シンカン,東北大学文学部助教授,二元論的世界観の成立とその崩壊の傾向,,,,,,,119,121,,東北印度学宗教学会　論集,,,,,,,1,,1985年12月,,,12,,,,,,,,
msk0970,論文-97,GyosekiWord,,,,,,1,1,1,村上,真完,Murakami,Shinkan,ムラカミ,シンカン,東北大学文学部助教授,シュヴェーターシュヴァタラ・ウパニシャド第一章考,,,,,,,71,86,,仏教と異宗教,,,,雲井昭善博土古稀記念,,平楽寺書店,1,京都,1985年12月,,,,,,,,,,,
msk0980,論文-98,GyosekiWord,,,,,,6,1,1,村上,真完,Murakami,Shinkan,ムラカミ,シンカン,東北大学文学部助教授,中村了昭『サーンクヤ哲学の研究　インドの二元論』（書評）,,,,,,,92,106,,文化,,,,,,,1,,1986年2月,49,3 • 4,,,,,,,,,
msk0990,論文-99,GyosekiWord,,,,,,1,1,1,村上,真完,Murakami,Shinkan,ムラカミ,シンカン,東北大学文学部助教授,インド思想史における心の発見,,仏教興起前後における転換(上),,,,,67,92,,東北大学日本文化研究所研究報告,,,,,,,1,,1986年3月,,,22,,,,,,,,
msk1000,論文-100,GyosekiWord,,,,,,1,1,1,村上,真完,Murakami,Shinkan,ムラカミ,シンカン,東北大学文学部助教授,Saṃskāra（行）考,,,,,,,123,127,,仏教論叢,,,,,,,1,,1986年9月,,,30,,,,,,,,
msk1010,論文-101,GyosekiWord,,,,,,1,1,1,村上,真完,Murakami,Shinkan,ムラカミ,シンカン,東北大学文学部助教授,インド思想史における心の発見,,仏教興起前後における転換(下),,,,,47,64,,東北大学日本文化研究所研究報告,,,,,,,1,,1987年1月,,,23,,,,,,,,
msk1020,論文-102,GyosekiWord,,,,,,1,1,1,村上,真完,Murakami,Shinkan,ムラカミ,シンカン,東北大学文学部助教授,サーンキヤ・ヨーガ学派の人間観,,,,,,,123,146,,東洋における人間観,,,,,,東京大学出版会,1,東京,1987年2月,,,,,,,,,,,
msk1030,論文-103,GyosekiWord,,,,,,1,2,1,村上,真完,Murakami,Shinkan,ムラカミ,シンカン,東北大学文学部助教授,Benares-Manuscripts of the Yuktidīpikā,,,,,,,1020,1016,,印度学仏教学研究,,,,,,日本印度学仏教学会,1,東京,1987年3月,35,2,,,,,,,,,
msk1040,論文-104,GyosekiWord,,,,,,1,1,1,村上,真完,Murakami,Shinkan,ムラカミ,シンカン,東北大学文学部助教授,ヴァィシェーシカ（勝論）学派の認識論と言語表示,,,,,,,69,122,,東北大学文学部研究年報,,,,,,,1,,1987年3月,,,36,,,,,,,,
msk1050,論文-105,GyosekiWord,,,PDF/村上真完[1987] - 諸行考(I).pdf,,,1,1,1,村上,真完,Murakami,Shinkan,ムラカミ,シンカン,東北大学文学部助教授,諸行考（I）,,原始仏教の身心観,,,,,51,94,,仏教研究,,,,,,国際仏教徒協会,1,浜松,1987年3月,,,16,,,,,,,,
msk1060,論文-106,GyosekiWord,,,,,,6,1,1,村上,真完,Murakami,Shinkan,ムラカミ,シンカン,東北大学文学部助教授,仏教思想研究会編『仏教思想9心』（書評）,,(書評),,,,,35,56,,文化,,,,仏教思想9心,仏教思想研究会,,1,,1987年3月,50,3 • 4,,,,,,,,,
msk1070,論文-107,GyosekiWord,,,,,,6,1,1,村上,真完,Murakami,Shinkan,ムラカミ,シンカン,東北大学文学部助教授,塚本啓祥訳　ドウ・ヨング『インド文化研究史論集　欧米のマハーバーラタと仏教の研究』（書評）,,紹介と批判と補正,,,,,110,141,,文化,,,,,,,1,,1987年9月,51,1 • 2,,,,,,,,,
msk1080,論文-108,GyosekiWord,,,PDF/村上真完[1988] - 諸行考(II).pdf,,,1,1,1,村上,真完,Murakami,Shinkan,ムラカミ,シンカン,東北大学文学部助教授,諸行考（II）,,原始仏教の身心観,,,,,47,87,,仏教研究,,,,,,国際仏教徒協会,1,浜松,1988年3月,,,17,,,,,,,,
msk1090,論文-109,GyosekiWord,,,,,,1,1,1,村上,真完,Murakami,Shinkan,ムラカミ,シンカン,東北大学文学部助教授,日本におけるインド学研究の問題点,,,,,,,548,554,,日本文化研究所研究報告,,,, シンポジウム日本文化と東アジア 1985-1986,,,1,,1988年3月,,,,,,,,,,,
msk1100,論文-110,GyosekiWord,,,,,,1,1,1,村上,真完,Murakami,Shinkan,ムラカミ,シンカン,東北大学文学部助教授,原始仏教における信の原型,,pamun̄cassu saddhaṃの誤解を正す,,,,,63,67,,仏教論叢,,,,,,,1,,1988年9月,,,32,,,,,,,,
msk1110,論文-111,GyosekiWord,,,,,,6,1,1,村上,真完,Murakami,Shinkan,ムラカミ,シンカン,東北大学文学部助教授,塚本啓祥著『法華経の成立と背景　インド文化と大乗仏教』（書評）,,,,,,,184,191,,仏教史学,,,,,,,1,,1988年11月,31,2,,,,,,,,,
msk1120,論文-112,GyosekiWord,,,,,,1,1,1,村上,真完,Murakami,Shinkan,ムラカミ,シンカン,東北大学文学部助教授,Vyomavatīにおけるsāmānya（普遍）論,,,,,,,66,72,,印度学仏教学研究,,,,,,日本印度学仏教学会,1,東京,1988年12月,37,1,,,,,,,,,
msk1130,論文-113,GyosekiWord,,,,,,1,1,1,村上,真完,Murakami,Shinkan,ムラカミ,シンカン,東北大学文学部助教授,ブラーフマナの人間観・神観念と仏教,,ātma-saṃskṛti考,,,,,79,109,,宗教研究,,,,,,,1,,1989年2月,,,281,,,,,,,,
msk1140,論文-114,GyosekiWord,,,,,,1,1,1,村上,真完,Murakami,Shinkan,ムラカミ,シンカン,東北大学文学部助教授,サーンクヤ派の世界観と仏教,,,,,,,14,27,,理想,,,,,,,1,,1989年3月,,,642,,,,,,,,
msk1150,論文-115,GyosekiWord,,,PDF/村上真完[1989] - 諸行考(III).pdf,,,1,1,1,村上,真完,Murakami,Shinkan,ムラカミ,シンカン,東北大学文学部助教授,諸行考（III）,,原始仏教の身心観,,,,,43,70,,仏教研究,,,,,,国際仏教徒協会,1,浜松,1989年3月,,,18,,,,,,,,
msk1160,論文-116,GyosekiWord,,,,,,4,1,1,村上,真完,Murakami,Shinkan,ムラカミ,シンカン,東北大学文学部助教授,ユクティ・ディーピカー訳註（二）,,,,,,,31,79,,東北大学文学部研究年報,,,,,,,1,,1989年3月,,,38,,,,,,,,
msk1170,論文-117,GyosekiWord,,,,,,1,1,1,村上,真完,Murakami,Shinkan,ムラカミ,シンカン,東北大学文学部教授,智證大師圓珍に歸せられる佛陀観の意義,,原始佛教やインド思想と對比して,,,,,555,597,,智證大師研究,,,,,,園城寺,1,大津,1989年10月,,,,,,,,,,,
msk1180,論文-118,GyosekiWord,,,,,,1,1,1,村上,真完,Murakami,Shinkan,ムラカミ,シンカン,東北大学文学部教授,概念とその対象,,ヴァィシェーシカ（勝論）の普遍の意味,,,,,79,105,,インド哲学と仏教,,,,藤田宏達博士還暦記念論集,,平楽寺書店,1,京都,1989年11月,,,,,,,,,,,
msk1190,論文-119,GyosekiWord,,,PDF/村上真完[1990] - 諸行考(IV).pdf,,,1,1,1,村上,真完,Murakami,Shinkan,ムラカミ,シンカン,東北大学文学部教授,諸行考（IV）,,原始仏教の身心観,,,,,67,119,,仏教研究,,,,,,国際仏教徒協会,1,浜松,1990年3月,,,19,,,,,,,,
msk1200,論文-120,GyosekiWord,,,,,,1,1,1,村上,真完,Murakami,Shinkan,ムラカミ,シンカン,東北大学文学部教授,仏滅年代論,,諸資料・諸学説の整理と選択,,,,,17,22,,仏教論叢,,,,,,,1,,1990年9月,,,34,,,,,,,,
msk1210,論文-121,GyosekiWord,,,,,,1,1,1,村上,真完,Murakami,Shinkan,ムラカミ,シンカン,東北大学文学部教授,感官のsāmānya-jñāna,,Yukti-dīpikā p.102,,,,,283,289,,印度学仏教学研究,,,,,,日本印度学仏教学会,1,東京,1991年3月,39,2,,,,,,,,,
msk1220,論文-122,GyosekiWord,,,,,,1,1,1,村上,真完,Murakami,Shinkan,ムラカミ,シンカン,東北大学文学部教授,インド古典にみられる村落の情景,,,,,,,87,107,,東北大学日本文化研究所研究報告,,,,,,,1,,1991年3月,,,27,,,,,,,,
msk1230,論文-123,GyosekiWord,,,,,,1,1,1,村上,真完,Murakami,Shinkan,ムラカミ,シンカン,東北大学文学部教授,ヴァィシェーシカ派とニヤーヤ派における無分別の直接知覚,,,,,,,123,159,,伊原照蓮博士古稀記念論文集,,,,,,九州大学出版会,1,福岡,1991年8月,,,,,,,,,,,
msk1240,論文-124,GyosekiWord,,,,,,6,1,1,村上,真完,Murakami,Shinkan,ムラカミ,シンカン,東北大学文学部教授,松本照敬『ラーマーヌジャの研究』（書評）,,,,,,,33,44,,文化,,,,,,,1,,1991年9月,55,1 • 2,,,,,,,,,
msk1250,論文-125,GyosekiWord,,,,,,1,1,1,村上,真完,Murakami,Shinkan,ムラカミ,シンカン,東北大学文学部教授,インドの自然哲学における人間観,,,,,,,67,141,,印度思想における人間観,,,,東北大学印度学六十五周年記念論集,,平楽寺書店,1,京都,1991年12月,,,,,,,,,,,
msk1260,論文-126,GyosekiWord,,,,,,1,1,1,村上,真完,Murakami,Shinkan,ムラカミ,シンカン,東北大学文学部教授,般若経類の空思想とウパニシャド,,,,,,,73,112,,般若波羅蜜多思想論集,,,,真野龍海博士頌寿記念論文集,,山喜房仏書林,1,東京,1992年3月,,,,,,,,,,,
msk1270,論文-127,GyosekiWord,,目録で発行所が「世界聖典協会」とあるが存在が確認できず「世界聖典普及協会」と疑われる,,,,1,1,1,村上,真完,Murakami,Shinkan,ムラカミ,シンカン,東北大学文学部教授,インド古来の文法学における語と意味をめぐる問題,,,,,,,18,21,,コミュニケーション文化の多様性・多層性とその変容,,,,,,東北大学文学部,1,仙台,1992年3月,,,,,,,,,,,
msk1280,論文-128,GyosekiWord,,,,,,1,1,1,村上,真完,Murakami,Shinkan,ムラカミ,シンカン,東北大学文学部教授,原始（初期）仏教研究の一反省,,思想解明の限界と意義,,,,,1,4,,早島鏡正著作集第 2 巻月報,,,,,,世界聖典協会,1,東京,1992年8月,,,,,,,,,,,
msk1290,論文-129,GyosekiWord,,,,,,1,1,1,村上,真完,Murakami,Shinkan,ムラカミ,シンカン,東北大学文学部教授,色即是空（rūpaṃ śūnyatā）原意考,,,,,,,82,86,,仏教論叢,,,,,,佼成出版社,1,東京,1992年9月,,,36,,,,,,,,
msk1300,論文-130,GyosekiWord,,,,,,1,1,1,村上,真完,Murakami,Shinkan,ムラカミ,シンカン,東北大学文学部教授,インド古代中世哲学における時間論,,,,,,,42,61,,文化における時間意識,,,,,渡部治雄,角川書店,1,東京,1993年2月,,,,,,,,,,,
msk1310,論文-131,GyosekiWord,,,,,,4,1,1,村上,真完,Murakami,Shinkan,ムラカミ,シンカン,東北大学文学部教授,人格主体論（霊魂論）,,倶舎論破我品訳註（一）,,,,,85,126,,知の避逗⸺仏教と科学,,,,塚本啓祥教授還暦記念論文集,,佼成出版社,1,東京,1993年3月,,,,,,,,,,,
msk1320,論文-132,GyosekiWord,,,,,,1,1,1,村上,真完,Murakami,Shinkan,ムラカミ,シンカン,東北大学文学部教授,マンダナミシュラの差別否定論と一多の否定による無自性論,,,,,,,1034（125）,1038（129）,,印度学仏教学研究,,,,,,日本印度学仏教学会,1,東京,1993年3月,41,2,,,,,,,,,
msk1330,論文-133,GyosekiWord,,,,,,1,1,1,村上,真完,Murakami,Shinkan,ムラカミ,シンカン,東北大学文学部教授,真実（tattva）と不可説なもの,,,,,,,193b,195a,,宗教研究,,,,,,,1,,1993年3月,66,4,295,,,,,,,,
msk1340,論文-134,GyosekiWord,,,,,,1,1,1,村上,真完,Murakami,Shinkan,ムラカミ,シンカン,東北大学文学部教授,インド古代思想における老苦,,,,,,,103,118,,「老い」の比較文化論的研究⸺日本を中心として,,,,平成 4 年度科学研究費補助金研究成果報告書,杉山晃一,東北大学文学部,1,仙台,1993年3月,,,,,,,,,,,
msk1350,論文-135,GyosekiWord,,,PDF/村上真完[1993a] - 「信を発こせ」再考.pdf,,,1,1,1,村上,真完,Murakami,Shinkan,ムラカミ,シンカン,東北大学文学部教授,「信を発こせ」再考,,Pamuiicantu saddham,,,,,115,150,,仏教研究,,,,,,国際仏教徒協会,1,浜松,1993年3月,,,22,,,,,,,,
msk1360,論文-136,GyosekiWord,,,,,,1,1,1,村上,真完,Murakami,Shinkan,ムラカミ,シンカン,東北大学文学部教授,インド古代の神観念と古事記の世界,,,,,,,8,14,,異文化間の接触と交流,,,,平成 4 年度教育研究学内特別経費研究報告書,,東北大学文学部,1,,1993年3月,,,,,,,,,,,
msk1370,論文-137,GyosekiWord,,,,,,4,1,1,村上,真完,Murakami,Shinkan,ムラカミ,シンカン,東北大学文学部教授,人格主体論（霊魂論）,,倶舎論破我品訳註（二）,,,,,85,126,,原始仏教と大乗仏教,,,,渡辺文麿博士追悼記念論集,,永田文昌堂,1,京都,1993年5月,,,,,,,,,,,
msk1380,論文-138,GyosekiWord,,,,,,1,1,1,村上,真完,Murakami,Shinkan,ムラカミ,シンカン,東北大学文学部教授,インドの主観的観念論,,知覚創出説（dṛṣṭi-sṛṣṭi-vāda）,,,,,78,103,,インド学密教学研究,,,,宮坂宥勝博士古稀記念論集,,法蔵館,1,京都,1993年7月,,,,,,,,,,,
msk1390,論文-139,GyosekiWord,,,,,,1,1,1,村上,真完,Murakami,Shinkan,ムラカミ,シンカン,東北大学文学部教授,Pamuñcantu saddhaṃ再考,,「信を発こせ」か「信を捨てよ」か,,,,,28,33,,仏教論叢,,,,,,,1,,1993年9月,,,37,,,,,,,,
msk1400,論文-140,GyosekiWord,,,,,,1,1,1,村上,真完,Murakami,Shinkan,ムラカミ,シンカン,東北大学文学部教授,プラカーシャアーナンダの差別否定論,,,,,,,977,971,,印度学仏教学研究,,,,,,日本印度学仏教学会,1,東京,1994年3月,42,2,,,,,,,,,
msk1410,論文-141,GyosekiWord,,,PDF/村上真完[1994] - 何が真実であるか.pdf,,,1,1,1,村上,真完,Murakami,Shinkan,ムラカミ,シンカン,東北大学文学部教授,何が真実であるか,,ウパニシャドから仏教へ,,,,,380,328,,東北大学研究年報,,,,,,,1,,1994年3月,,,43,,,,,,,,
msk1420,論文-142,GyosekiWord,,,,,,1,1,1,村上,真完,Murakami,Shinkan,ムラカミ,シンカン,東北大学文学部教授,真実とは何か,,ウパニシャドから仏教へ,,,,,36,62,,仏教学セミナー,,,,,,,1,,1994年5月,,,59,,,,,,,,
msk1430,論文-143,GyosekiWord,,,,,,1,1,1,村上,真完,Murakami,Shinkan,ムラカミ,シンカン,東北大学文学部教授,記紀の神々とインド古代の神観念,,,,,,,105,146,,日本宗教への視角,,,,,岡田重精,東方出版,1,大阪,1994年8月,,,,,,,,,,,
msk1440,論文-144,GyosekiWord,,,,,,1,1,1,村上,真完,Murakami,Shinkan,ムラカミ,シンカン,東北大学文学部教授,差別と無差別,,インド哲学諸学派間の論争の意味,,,,,30,40,,仏教論叢,,,,,,,1,,1994年9月,,,38,,,,,,,,
msk1450,論文-145,GyosekiWord,,,,,,1,1,1,村上,真完,Murakami,Shinkan,ムラカミ,シンカン,東北大学文学部教授,真実は語られるか,,ウパニシャドを出発点として,,,,,28,49,,印度哲学仏教学,,,,,,北海道印度哲学仏教学会,1,札幌,1994年10月,,,9,,,,,,,,
msk1460,論文-146,GyosekiWord,,,,,,1,1,1,村上,真完,Murakami,Shinkan,ムラカミ,シンカン,東北大学文学部教授,主観的観念論dṛṣṭi-sṛṣṭi-vādaの源泉,,,,,,,430,424,,印度学仏教学研究,,,,,,日本印度学仏教学会,1,東京,1994年12月,43,2,,,,,,,,,
msk1470,論文-147,GyosekiWord,,,,,,1,1,1,村上,真完,Murakami,Shinkan,ムラカミ,シンカン,東北大学文学部教授,不二一元論学派の誤知論Anirvacanīya-khyāti,,,,,,,222,223,,宗教研究,,,,,,,1,,1995年3月,68,4,303,,,,,,,,
msk1480,論文-148,GyosekiWord,,,,,,1,1,1,村上,真完,Murakami,Shinkan,ムラカミ,シンカン,東北大学文学部教授,語りえぬもの,,真実（tattva)をめぐって,,,,,1,50,,東北大学文学部研究年報,,,,,,,1,,1995年3月,,,44,,,,,,,,
msk1490,論文-149,GyosekiWord,,,,,,1,1,1,村上,真完,Murakami,Shinkan,ムラカミ,シンカン,東北大学文学部教授,インド文化における中国意識,,,,,,,59,66,,社会と文化における中心と辺境,,,,1994年度教育研究学内特別経費研究報告書,,東北大学文学部,1,仙台,1995年3月,,,,,,,,,,,
msk1500,論文-150,GyosekiWord,,,,,,1,1,1,村上,真完,Murakami,Shinkan,ムラカミ,シンカン,東北大学文学部教授,空性（Śūnyatā，空であること）考,,,,,,,17,26,,仏教論叢,,,,,,,1,,1995年7月,,,39,,,,,,,,
msk1510,論文-151,GyosekiWord,,,,,,1,1,1,村上,真完,Murakami,Shinkan,ムラカミ,シンカン,東北大学文学部教授,PrakāśânandaからDharmarājâdhvarîndraへ,,主観的観念論の系譜,,,,,432（63）,427（68）,,印度学仏教学研究,,,,,,日本印度学仏教学会,1,東京,1995年12月,44,1,,,,,,,,,
msk1520,論文-152,GyosekiWord,,,,,,1,1,1,村上,真完,Murakami,Shinkan,ムラカミ,シンカン,東北大学文学部教授,インド実在論の観念性,,ヴァィシェーシカ哲学の基本的思考法,,,,,191,209,,勝呂信静博士古稀記念論文集,,,,,,山喜房仏書林,1,東京,1996年2月,,,,,,,,,,,
msk1530,論文-153,GyosekiWord,,,,,,1,1,1,村上,真完,Murakami,Shinkan,ムラカミ,シンカン,東北大学文学部教授,初期の仏教における不殺生と和平の思考,,,,,,,15,33,,日本仏教学会年報,,,,,,,1,,1996年3月,,,61,,,,,,,,
msk1540,論文-154,GyosekiWord,,,,,,1,1,1,村上,真完,Murakami,Shinkan,ムラカミ,シンカン,東北大学文学部教授,精神性（caitanya）をめぐる諸理論,,,,,,,1,38,,東北大学文学部研究年報,,,,,,,1,,1996年3月,,,45,,,,,,,,
msk1550,論文-155,GyosekiWord,,,,,,1,1,1,村上,真完,Murakami,Shinkan,ムラカミ,シンカン,東北大学文学部教授,精神性（caitanya）考,,,,,,,146,147,,宗教研究,,,,,,,1,,1996年3月,45,1,,,,,,,,,
msk1560,論文-156,GyosekiWord,,,,,,1,1,1,村上,真完,Murakami,Shinkan,ムラカミ,シンカン,東北大学文学部名誉教授,初期の仏教における分析的思考と人間存在,,無我説と輪廻する私（aham）,,,,,3,12,,仏教論叢,,,,,,,1,,1996年6月,,,40,,,,,,,,
msk1570,論文-157,GyosekiWord,,,,,,1,1,1,村上,真完,Murakami,Shinkan,ムラカミ,シンカン,東北大学文学部名誉教授,無属性梵（nirguṇa brahman）の属性（guṇa）とは何か,,,,,,,427,423,,論集,,,,,,印度学宗教学会,1,仙台,1996年12月,45,1,,,,,,,,,
msk1580,論文-158,GyosekiWord,,目録では単に「浄土宗」とあるのを、https://jodoshu.net/shuho/ を参照して「浄土宗宗務庁」と変更した,,,,1,1,1,村上,真完,Murakami,Shinkan,ムラカミ,シンカン,東北大学文学部名誉教授,いのちと仏の本願,,,,,,,68,74,,浄土宗宗報,,,,,,浄土宗宗務庁,1,京都,1997年1月,,,,,,,,,,,
msk1590,論文-158,GyosekiWord,,目録では単に「浄土宗」とあるのを、https://jodoshu.net/shuho/ を参照して「浄土宗宗務庁」と変更した,,,,1,1,1,村上,真完,Murakami,Shinkan,ムラカミ,シンカン,東北大学文学部名誉教授,いのちと仏の本願,,,,,,,36,44,,浄土宗宗報,,,,,,浄土宗宗務庁,1,京都,1997年2月,,,,,,,,,,,
msk1600,論文-159,GyosekiWord,,,,,,1,1,1,村上,真完,Murakami,Shinkan,ムラカミ,シンカン,東北大学文学部名誉教授,インド哲学諸派と仏教との交渉,,ヴェーダーンタ諸派の仏教批判をめぐって,,,,,37,49,,インド哲学と仏教との交渉,,,,平成6年度～平成8年度科学研究費補助金基礎研究(B)(2)研究成果報告書,村上真完，磯田煕文,東北大学文学部,1,仙台,1997年3月,,,,,,,,,,,
msk1610,論文-160,GyosekiWord,,,,,,1,1,1,村上,真完,Murakami,Shinkan,ムラカミ,シンカン,東北大学文学部名誉教授,Śrīkaṇṭhaの仏教批判,,,,,,,467,462,,印度学仏教学研究,,,,,,日本印度学仏教学会,1,東京,1997年12月,46,1,,,,,,,,,
msk1620,論文-161,GyosekiWord,,,,,,1,1,1,村上,真完,Murakami,Shinkan,ムラカミ,シンカン,東北大学文学部名誉教授,後期シャンカラ派における仏教理解,,Advaita-Brahma-Siddhiの所説,,,,,60,79,,印度学仏教学研究,,,,,,日本印度学仏教学会,1,東京,1998年10月,,,13,,,,,,,,
msk1630,論文-162,GyosekiWord,,,,,,1,1,1,村上,真完,Murakami,Shinkan,ムラカミ,シンカン,東北大学文学部名誉教授,大乗経典の創作,,sūtrântâbhinirhāra　能演諸経　善説諸経,,,,,1,20,,論集,,,,,,印度学宗教学会,1,仙台,1998年12月,,,25,,,,,,,,
msk1640,論文-163,GyosekiWord,,,,,,1,1,1,村上,真完,Murakami,Shinkan,ムラカミ,シンカン,東北大学文学部名誉教授,ヴェーダーンタ諸派における縁起説批判,,,,,,,327,344,,仏教福祉研究,,,,水谷幸正先生古稀記念論集,,仏教大学浄土学総合研究所,1,京都,1998年12月,,,,,,,,,,,
msk1650,論文-164,GyosekiWord,,スイス・アジア学会（Schweizerische Asiengesellschaft）は、チューリッヒに本部を置いているが、出版はドイツの出版社「De Gruyter」 https://www.degruyterbrill.com/journal/key/asia/html?srsltid=AfmBOooFGTfszJ0MDBK-VMWA2wEW_KBV-2WqmaOUWJfLeFKAhm0tLmMZ,,,,1,2,1,村上,真完,Murakami,Shinkan,ムラカミ,シンカン,東北大学文学部名誉教授,WHAT IS CAITANYA,,ETERNAL OR NON-ETERNAL? ,,,,,645,665,,Asiatische Studien - Études Asiatiques ,,,,,,Schweizerische Asiengesellschaft,ドイツ連邦共和国,Berlin,1999年11月,53,3,,,,,,,,,
msk1660,論文-165,GyosekiWord,,,PDF/村上真完[2000] - 縁起説と無常説と多元論的分析的思考法(1).pdf,,,1,1,1,村上,真完,Murakami,Shinkan,ムラカミ,シンカン,東北大学文学部名誉教授,縁起説と無常説と多元論的分析的思考法（1）,,,,,,,31,67,,仏教研究,ブッキョウケンキュウ,,,,,国際仏教徒協会,1,浜松,2000年3月,,,29,,,,,,,,
msk1670,論文-166,GyosekiWord,,,,,,1,1,1,村上,真完,Murakami,Shinkan,ムラカミ,シンカン,東北大学文学部名誉教授,仏教の考え方,,刹那滅と久遠の仏,,,,,43,51,,信仰と文化,シンコウトブンカ,,,,,聖和学園短期大学,1,仙台,2000年3月,,,,,,,,,,,
msk1680,論文-167,GyosekiWord,,,PDF/村上真完[2000] - 後期シャンカラ派における部派仏教批判.pdf,,,1,1,1,村上,真完,Murakami,Shinkan,ムラカミ,シンカン,東北大学文学部名誉教授,後期シャンカラ派における部派仏教批判,,,,,,,209,223,,加藤純章博士還暦記念論集,カトウジュンショウハカシカンレキキネンロンシュウ,,,アビダルマ仏教とインド諸思想,,春秋社,1,東京,2000年10月,,,,,,,,,,,
msk1690,論文-168,GyosekiWord,,,,,,1,2,1,村上,真完,Murakami,Shinkan,ムラカミ,シンカン,東北大学文学部名誉教授,A study On the Creation of the Mahāyāna Scriptures (sūtrântâbhinirhāra),,,,,,,17,61,,高木訷元博士古稀記念論集,タカギジンゲンハカシコキキネンロンシュウ,,,仏教文化の諸相,高野山大学仏教学研究室,山喜房仏書林,1,東京,2000年12月,,,,,,,,,,,
msk1700,論文-169,GyosekiWord,,,,,,1,1,1,村上,真完,Murakami,Shinkan,ムラカミ,シンカン,東北大学文学部名誉教授,大乗経典の想像と創作（abhinirhāra）考,,,,,,,35,59,,印度哲学仏教学,インドテツガクブッキョウガク,,,,,北海道印度哲学仏教学会,1,札幌,2000年10月,,,15,,,,,,,,
msk1710,論文-170,GyosekiWord,,,,,,1,1,1,村上,真完,Murakami,Shinkan,ムラカミ,シンカン,東北大学文学部名誉教授,故神舘義朗氏の業績と学風を偲ぶ,,,,Condolence for Prof. Yoshiro KODATE(神舘義朗1931-2000),,,1,21,,論集,インドガクシュウキョウガクカイ,,,,,印度学宗教学会,1,仙台,2000年12月,,,27,,,,,,,,
msk1720,論文-171,GyosekiWord,,,,,,1,1,1,村上,真完,Murakami,Shinkan,ムラカミ,シンカン,東北大学文学部名誉教授,無常（刹那滅）説と本願論,,,,,,,3,20,,香川孝雄博士古稀記念論集,カガワタカオハカシコキキネンロンシュウ,,,仏教学浄土学研究,,永田文昌堂,1,京都,2001年3月,,,,,,,,,,,
msk1730,論文-172,GyosekiWord,,,,,,1,1,1,村上,真完,Murakami,Shinkan,ムラカミ,シンカン,東北大学文学部名誉教授,無常（刹那滅）説と仏身説（名号観）,,,,,,,273,290,,石上善應教授古稀記念論集,イシガミゼンノウキョウジュコキキネンロンシュウ,,,仏教文化の基調と展開,,山喜房仏書林,1,東京,2001年5月,,,,,,,,,,,
msk1740,論文-173,GyosekiWord,,,PDF/村上真完[2001] - シャンカラ研究の問題点.pdf,,,1,1,1,村上,真完,Murakami,Shinkan,ムラカミ,シンカン,東北大学文学部名誉教授,シャンカラ研究の問題点,,,,,,,469,463,,印度学仏教学研究,インドガクブッキョウガクケンキュウ,,,,,日本印度学仏教学会,1,東京,2001年12月,50,1,,,,,,,,,
msk1750,論文-174,GyosekiWord,,,,,,1,1,1,村上,真完,Murakami,Shinkan,ムラカミ,シンカン,東北大学文学部名誉教授,無常説と刹那滅説の基礎概念,,,,,,,1,24,,論集,インドガクシュウキョウガクカイ,,,,,印度学宗教学会,1,仙台,2001年12月,,,28,,,,,,,,
msk1760,論文-175,GyosekiWord,,翻訳者「釋性一」が記載できず https://www.ykbi.edu.tw/modules/journal/journal_p6.php,https://www.ykbi.edu.tw/modules/journal/data_6/journal_6_1.pdf,,,2,5,1,村上,真完,Murakami,Shinkan,ムラカミ,シンカン,東北大学文学部名誉教授,無常（刹那滅）説與永遠的佛,,,,,,,1,10,1,圓光學報,,Yuan Kuang Journal of Buddhist Studies,,,,圓光佛學研究所,中華民国,桃園市,2001年12月,,,6,1608-6848,,,,,,,
msk1761,論文-175,GyosekiWord,,https://www.ykbi.edu.tw/modules/journal/journal_p7.php,https://www.ykbi.edu.tw/modules/journal/data_6/journal_6_2.pdf,,,1,2,1,村上,真完,Murakami,Shinkan,ムラカミ,シンカン,東北大学文学部名誉教授,Theories of Impermanence (Momentary Destruction) and the Eternal Buddha,,,,,,,11,14,1,圓光學報,,Yuan Kuang Journal of Buddhist Studies,,,,圓光佛學研究所,中華民国,桃園市,2001年12月,,,6,1608-6848,,,,,,,
msk1770,論文-176,GyosekiWord,,,PDF/村上真完[2002] - 刹那滅説の基礎.pdf,,,1,1,1,村上,真完,Murakami,Shinkan,ムラカミ,シンカン,東北大学文学部名誉教授,刹那滅説の基礎,,,,,,,62,77,,印度哲学仏教学,インドテツガクブッキョウガク,,,,,北海道印度哲学仏教学会,1,札幌,2002年10月,,,17,,,,,,,,
msk1780,論文-177,GyosekiWord,,https://zdmg.harrassowitz-library.com/,,,,1,2,1,村上,真完,Murakami,Shinkan,ムラカミ,シンカン,東北大学文学部名誉教授,Vedāntic Interpretation and Criticism of the Buddhist Dependent Origination (pratītya-samutpāda),,,,,,,269,294,,Zeitschrift der Deutschen Morgenländischen Gesellschaft,,,,,,Harrassowitz Verlag,ドイツ連邦共和国,Harrassowitz Verlag,2002年10月,152,2,,0341-0137,,,,,,,
msk1790,論文-178,GyosekiWord,,,,,,1,2,1,村上,真完,Murakami,Shinkan,ムラカミ,シンカン,東北大学文学部名誉教授,A Basic Concept of the Doctrine of Momentariness,,,,,,,285,296,,BUDDHIST AND INDIAN STUDIES In Honour of Professor Doctor Sodo Mori,,,,,,国際仏教徒協会,1,浜松,2002年10月,,,,,,,,,,,
msk1800,論文-179,GyosekiWord,,,,,,1,1,1,村上,真完,Murakami,Shinkan,ムラカミ,シンカン,東北大学文学部名誉教授,転変説（pariṇāma-vāda）再考,,世親の転変説批判の意味,,,,,384,380,,印度学仏教学研究,インドガクブッキョウガクケンキュウ,,,,,日本印度学仏教学会,1,東京,2002年12月,51,1,,,,,,,,,
msk1810,論文-180,GyosekiWord,,,,,,1,1,1,村上,真完,Murakami,Shinkan,ムラカミ,シンカン,東北大学文学部名誉教授,Vyūha （荘厳）考,,特にGaṇḍa-vyūhaの原意について,,,,,52,72,,印度哲学仏教学,インドテツガクブッキョウガク,,,,,北海道印度哲学仏教学会,1,札幌,2003年10月,,,18,,,,,,,,
msk1820,論文-181,GyosekiWord,,,PDF/村上真完[2004] - 無常説の根底(序説).pdf,,,1,1,1,村上,真完,Murakami,Shinkan,ムラカミ,シンカン,東北大学文学部名誉教授,無常説の根底（序説）,,,,,,,515,548,,神子上恵生教授頌寿記念論集,ミカミショウセイキョウジュショウジュキネンロンシュウ,,,インド哲学佛教思想論集,,永田文昌堂,1,京都,2004年3月,,,,,,,,,,,
msk1830,論文-182,GyosekiWord,,,PDF/村上真完[2004] - 世親(Vasubandhu)の実在論(実有論)批判.pdf,,,1,1,1,村上,真完,Murakami,Shinkan,ムラカミ,シンカン,東北大学文学部名誉教授,世親（Vasubandhu）の実在論（実有論）批判,,,,,,,72,89,,印度哲学仏教学,インドテツガクブッキョウガク,,,,,北海道印度哲学仏教学会,1,札幌,2004年10月,,,19,,,,,,,,
msk1840,論文-183,GyosekiWord,,,,,,1,1,1,村上,真完,Murakami,Shinkan,ムラカミ,シンカン,東北大学文学部名誉教授,開放系の思考,,これは私のものではない。私はこれではない,,,,,77,92,,祝禱文化講演集,シュクトウブンカコウエンシュウ,,,,,駒澤大学,1,東京,2004年11月,,,12,,,,,,,,
msk1850,論文-184,GyosekiWord,,,,,,1,1,1,村上,真完,Murakami,Shinkan,ムラカミ,シンカン,東北大学文学部名誉教授,極楽の荘厳（vyūha）,,,,,,,3,32,,高橋弘次先生古稀記念論集,タカハシコウジセンセイコキキネンロンシュウ,,,浄土学佛教学論叢,,山喜房仏書林,1,東京,2004年11月,,,,,,,,,,,
msk1860,論文-185,GyosekiWord,,,,,,1,1,1,村上,真完,Murakami,Shinkan,ムラカミ,シンカン,東北大学文学部名誉教授,大乗仏教の起原,,,,,,,1,32,,インド学チベット学研究,インドガクチベットガクケンキュウ,Tibetology studies,,龍谷大学,,,1,京都,2004年11月,,,7・8,,,,,,,,
msk1870,論文-186,GyosekiWord,,https://www.amazon.com/Three-Mountains-Seven-Rivers-Felicitation/dp/8120824687,,,,1,2,1,村上,真完,Murakami,Shinkan,ムラカミ,シンカン,東北大学文学部名誉教授,SADĀNANDA’S CRITICISM OF BUDDHISM,,,,,,,685,705,,Three Mountains and Seven Rivers, Prof. Musashi Tachikawa’s Felicitation Volume,,,,"Shoun Hino, Toshihiro Wada, Motilal Banarsidass",Motilal Banarsidass,インド,Delhi,2004年10月,,,,,,,,,,,
msk1880,論文-187,GyosekiWord,,,PDF/村上真完[2005] - 説一切有部の実在論(実有論)の基盤.pdf,,,1,1,1,村上,真完,Murakami,Shinkan,ムラカミ,シンカン,東北大学文学部名誉教授,説一切有部の実在論（実有論）の基盤,,,,,,,121,137,,印度哲学仏教学,インドテツガクブッキョウガク,,,,,北海道印度哲学仏教学会,1,札幌,2005年11月,,,20,,,,,,,,
msk1890,論文-188,GyosekiWord,,,,,,1,1,1,村上,真完,Murakami,Shinkan,ムラカミ,シンカン,東北大学文学部名誉教授,開放系の思考,,非我説における自己,,,,,87,102,,長崎法潤博士古稀記念論集,ナガサキホウジュンハカシコキキネンロンシュウ,,,仏教とジャイナ教,,平楽寺書店,1,京都,2005年11月,,,,,,,,,,,
msk1900,論文-189,GyosekiWord,,,,,,1,1,1,村上,真完,Murakami,Shinkan,ムラカミ,シンカン,東北大学文学部名誉教授,最初の仏語,,諸の法が明らかになるpātubhavanti dhammā考,,,,,389,383,,印度学仏教学研究,インドガクブッキョウガクケンキュウ,,,,,日本印度学仏教学会,1,東京,2005年12月,54,1,,,,,,,,,
msk1910,論文-190,GyosekiWord,,,,,,1,1,1,村上,真完,Murakami,Shinkan,ムラカミ,シンカン,東北大学文学部名誉教授,諸法考⸺dhammaの原意の探求と再構築,,(1)諸法と縁起,,,,,63,132,,仏教研究,ブッキョウケンキュウ,,,,,国際仏教徒協会,1,浜松,2006年3月,,,34,,,,,,,,
msk1920,論文-191,GyosekiWord,,,,,,1,2,1,村上,真完,Murakami,Shinkan,ムラカミ,シンカン,東北大学文学部名誉教授,Vyūha,,A Characteristic of the Creation of the Mahāyāna Scriptures,,,,,93,152,,The Lotus Sutra and Related Systems,,,,法華経と大乗経典の研究,望月海淑,山喜房仏書林,1,東京,2006年6月,,,,,,,,,,,
msk1930,論文-192,GyosekiWord,,,,,,1,1,1,村上,真完,Murakami,Shinkan,ムラカミ,シンカン,東北大学文学部名誉教授,諸法考⸺dhammaの原意の探求と再構築,,(2) 法と諸法⸺縁起成道から党天勧請まで,,,,,79,134,,仏教研究,ブッキョウケンキュウ,,,,,国際仏教徒協会,1,浜松,2007年3月,,,35,,,,,,,,
msk1940,論文-193,GyosekiWord,,,PDF/村上真完[2007] - 原始仏教研究法の検討に基づく五蘊説の考察.pdf,,,1,1,1,村上,真完,Murakami,Shinkan,ムラカミ,シンカン,東北大学文学部名誉教授,原始仏教研究法の検討に基づく五蘊説の考察,,,,,,,856,849,,印度学仏教学研究,インドガクブッキョウガクケンキュウ,,,,,日本印度学仏教学会,1,東京,2007年3月,55,2,,,,,,,,,
msk1950,論文-194,GyosekiWord,,,,,,1,1,1,村上,真完,Murakami,Shinkan,ムラカミ,シンカン,東北大学文学部名誉教授,仏教における法の意味,,sabbaṃ taṃ nirodha-dhammaṃ考,,,,,236,260,,印度哲学仏教学,インドテツガクブッキョウガク,,,,,北海道印度哲学仏教学会,1,札幌,2007年10月,,,22,,,,,,,,
msk1960,論文-195,GyosekiWord,,,PDF/村上真完[2007] - 原始仏教資料の新古問題と法の意味.pdf,,,1,1,1,村上,真完,Murakami,Shinkan,ムラカミ,シンカン,東北大学文学部名誉教授,原始仏教資料の新古問題と法の意味,,『スッタ・ニパータ』の古層と『律』の仏伝をめぐって,,,,,1,59,,論集,インドガクシュウキョウガクカイ,,,,,印度学宗教学会,1,仙台,2007年12月,,,34,,,,,,,,
msk1970,論文-196,GyosekiWord,,,,,,1,1,1,村上,真完,Murakami,Shinkan,ムラカミ,シンカン,東北大学文学部名誉教授,存在の把握,,五蘊と界 （dhātu，要素）,,,,,819,813,,印度学仏教学研究,インドガクブッキョウガクケンキュウ,,,,,日本印度学仏教学会,1,東京,2008年2月,56,2,,,,,,,,,
msk1971,論文-196,GyosekiWord,,msk1970の英文要旨（タイトル不明）,,,,11,2,1,村上,真完,Murakami,Shinkan,ムラカミ,シンカン,東北大学文学部名誉教授,,,,,,,,1295,1296,,印度学仏教学研究,インドガクブッキョウガクケンキュウ,,,,,日本印度学仏教学会,1,東京,2008年3月,56,3,,,,,,,,,
msk1980,論文-197,GyosekiWord,,,,,,1,1,1,村上,真完,Murakami,Shinkan,ムラカミ,シンカン,東北大学文学部名誉教授,諸法考⸺dhammaの原意の探求と再構築,,( 3 )法と諸法⸺初転法輪をめぐって,,,,,63,133,,仏教研究,ブッキョウケンキュウ,,,,,国際仏教徒協会,1,浜松,2008年3月,,,36,,,,,,,,
msk1990,論文-198,GyosekiWord,,,,,,1,2,1,村上,真完,Murakami,Shinkan,ムラカミ,シンカン,東北大学文学部名誉教授,Early Buddhist Openness and Mahāyāna Buddhism,,,,,,,109,147,,Nagoya Studies in Indian Culture and Buddhism Sambhāṣā,ナゴヤスタディーズインインディアンカルチャーアンドブッディズムサンバーシャ,,,,,名古屋大学,1,名古屋,2008,,,27,,,,,,,,
msk2000,論文-199,GyosekiWord,,,,,,1,1,1,村上,真完,Murakami,Shinkan,ムラカミ,シンカン,東北大学文学部名誉教授,諸法考⸺dhammaの原意の探求と再構築,,(4)法と諸法と縁起⸺教団形成の端緒をめぐって,,,,,91,140,,仏教研究,ブッキョウケンキュウ,,,,,国際仏教徒協会,1,浜松,2009年3月,,,37,,,,,,,,
msk2010,論文-200,GyosekiWord,,https://ayk.gov.tr/wp-content/uploads/2015/01/MURAKAMI-Shinkan-BUDDHISM%E2%80%99S-UNIQUE-POSSIBILITY-TO-PURSUE-INNER-PEACEFULNESS-TO-AVOID-VIOLENCE-AND-WAR.pdf（ただし当該論文は見当たらない）,,,,1,2,1,村上,真完,Murakami,Shinkan,ムラカミ,シンカン,東北大学文学部名誉教授,BUDDHISM’S UNIQUE POSSIBILITY TO PURSUE INNER PEACEFULNESS TO AVOID VIOLENCE AND WAR,,,,,,,353,364,,ICANAS 38 Proceedings,,,,,,,トルコ共和国,アンカラ,2009年3月,,,,,,,,,,,
msk2020,論文-201,GyosekiWord,,,,,,1,2,2,村上,真完,Murakami,Shinkan,ムラカミ,シンカン,東北大学文学部名誉教授,"“Reasons and motives for meritorious deeds” (Skt. Puṇyakriyāvastu), written in Turkic and Sanskrit, transcribed and translated in collaboration with Professor Shinkan Murakami, by Juten Oda（小田寿典）",, ,,,,,358,376,,"Studies in Turkic Philology, Festschrift in honour of the 80th birthday of Professor Geng Shimin",,,,,"Zhang Dingjing, Abdurishid Yakup",China Minzu University Press,中華人民共和国,北京,2009,,,,,,,,,,,
msk2030,論文-202,GyosekiWord,,,,,,1,1,1,村上,真完,Murakami,Shinkan,ムラカミ,シンカン,東北大学文学部名誉教授,殺生か禁欲か,,bhānahu考,,,,,42,68,,印度哲学仏教学,インドテツガクブッキョウガク,,,,,北海道印度哲学仏教学会,1,札幌,2009年10月,,,24,,,,,,,,
msk2040,論文-203,GyosekiWord,,,,,,1,1,1,村上,真完,Murakami,Shinkan,ムラカミ,シンカン,東北大学文学部名誉教授,知覚（体験）に基づく仏教か理屈（理性）に基づく仏教か,,和辻哲郎を手掛かりに,,,,,168,150,,論集,インドガクシュウキョウガクカイ,,,,,印度学宗教学会,1,仙台,2009年12月,,,36,,,,,,,,
msk2050,論文-204,GyosekiWord,,,,,,1,1,1,村上,真完,Murakami,Shinkan,ムラカミ,シンカン,東北大学文学部名誉教授,諸法考⸺dhammaの原意の探求と再構築,,(5)法と諸法と縁起⸺教団の形成,,,,,79,106,,仏教研究,ブッキョウケンキュウ,,,,,国際仏教徒協会,1,浜松,2010年3月,,,38,,,,,,,,
msk2060,論文-205,GyosekiWord,,（及川真介著；村上真完　補註付記）,PDF/及川・村上[2010] - 『パラマッタ・ジョーティカー』における文法的記述.pdf,,,1,1,7,村上,真完,Murakami,Shinkan,ムラカミ,シンカン,東北大学文学部名誉教授,『パラマッタ・ジョーティカー』における文法的記述,,,,,,,107,162,,仏教研究,ブッキョウケンキュウ,,,,,国際仏教徒協会,1,浜松,2010年3月,,,38,,,,,,,,
msk2070,論文-206,GyosekiWord,,,,,,1,1,1,村上,真完,Murakami,Shinkan,ムラカミ,シンカン,東北大学文学部名誉教授,原始仏教聖典の二面性,,現実的か非現実的か,,,,,21,42,,印度哲学仏教学,インドテツガクブッキョウガク,,,,,印度哲学仏教学,1,札幌,2010年10月,,,25,,,,,,,,
msk2080,論文-207,GyosekiWord,,,,,,1,1,1,村上,真完,Murakami,Shinkan,ムラカミ,シンカン,東北大学文学部名誉教授,色（rūpa）は物質ではない,,仏典における原意と訳語の考察,,,,,858,851,,印度学仏教学研究,インドガクブッキョウガクケンキュウ,,,,,日本印度学仏教学会,1,東京,2011年3月,59,2,,,,,,,,,
msk2081,論文-207,GyosekiWord,,msk2080の英文要旨（タイトル不明）,,,,11,2,1,村上,真完,Murakami,Shinkan,ムラカミ,シンカン,東北大学文学部名誉教授,,,,,,,,1373,1373,,印度学仏教学研究,インドガクブッキョウガクケンキュウ,,,,,日本印度学仏教学会,1,東京,2011年3月,59,3,,,,,,,,,
msk2090,論文-208,GyosekiWord,,,,,,1,1,1,村上,真完,Murakami,Shinkan,ムラカミ,シンカン,東北大学文学部名誉教授,諸法考⸺dhammaの原意の探求と再構築,,(6) 法と諸法と縁起⸺教団の形成と発展,,,,,95,125,,仏教研究,ブッキョウケンキュウ,,,,,国際仏教徒協会,1,浜松,2011年3月,,,39,,,,,,,,
msk2100,論文-209,GyosekiWord,,,,,,1,1,1,村上,真完,Murakami,Shinkan,ムラカミ,シンカン,東北大学文学部名誉教授,諸法・存在・真実,,実感に基く仏教の再構築,,,,,1,31,,RINDAS 伝統思想シリーズ7,,,,,,龍谷大学現代インド研究センター,1,京都,2012年3月,,,,,,,,,,,
msk2110,論文-210,GyosekiWord,,,,,,1,1,1,村上,真完,Murakami,Shinkan,ムラカミ,シンカン,東北大学文学部名誉教授,法（dharma）と存在（bhāva）と存在しているもの（sat）,,,,,,,892,885,,印度学仏教学研究,インドガクブッキョウガクケンキュウ,,,,,日本印度学仏教学会,1,東京,2012年3月,60,2,,,,,,,,,
msk2111,論文-210,GyosekiWord,,msk2080の英文要旨（タイトル不明）,,,,11,2,1,村上,真完,Murakami,Shinkan,ムラカミ,シンカン,東北大学文学部名誉教授,,,,,,,,1390,1390,,印度学仏教学研究,インドガクブッキョウガクケンキュウ,,,,,日本印度学仏教学会,1,東京,2012年3月,60,3,,,,,,,,,
msk2120,論文-211,GyosekiWord,,,,,,1,1,1,村上,真完,Murakami,Shinkan,ムラカミ,シンカン,東北大学文学部名誉教授,諸法考⸺dhammaの原意の探求と再構築,,（7）法と諸法と縁起⸺教団の形成と発展,,,,,99,132,,仏教研究,ブッキョウケンキュウ,,,,,国際仏教徒協会,1,浜松,2012年3月,,,40,,,,,,,,
msk2130,論文-212,GyosekiWord,,,,,,1,1,1,村上,真完,Murakami,Shinkan,ムラカミ,シンカン,東北大学文学部名誉教授,日本仏教における絆の問題,,原始仏教との対比,,,,,208,186,,論集,インドガクシュウキョウガクカイ,,,,,印度学宗教学会,1,仙台,2012年12月,,,36,,,,,,,,
msk2140,論文-213,GyosekiWord,,,,,,1,1,1,村上,真完,Murakami,Shinkan,ムラカミ,シンカン,東北大学文学部名誉教授,空思想の一考察,,色即是空再考,,,,,558,602,,奥田聖應先生頌寿記念 インド学仏教学論集,オクダセイオウセンセイショウジュキネン インドガクブッキョウガクロンシュウ,,,,,佼成出版社,1,東京,2014年3月,,,,,,,,,,,
msk2150,論文-214,GyosekiWord,,,,,,1,1,1,村上,真完,Murakami,Shinkan,ムラカミ,シンカン,東北大学文学部名誉教授,Dharma （dhamma　法）・artha（attha　義）・もの・こと,,仏典和訳の語彙体系の構築試論,,,,,841,833,,印度学仏教学研究,インドガクブッキョウガクケンキュウ,,,,,日本印度学仏教学会,1,東京,2014年3月,62,2,,,,,,,,,
msk2160,論文-215,GyosekiWord,,,,,,1,1,1,村上,真完,Murakami,Shinkan,ムラカミ,シンカン,東北大学文学部名誉教授,仏教における神観念,,ガンディーの宗教観と照らして,,,,,552,545,,印度学仏教学研究,インドガクブッキョウガクケンキュウ,,,,,日本印度学仏教学会,1,東京,2014年12月,63,1,,,,,,,,,
msk2170,論文-216,GyosekiWord,,,,,,1,1,1,村上,真完,Murakami,Shinkan,ムラカミ,シンカン,東北大学文学部名誉教授,Controversies between Buddhism and Indian philosophical schools,,On Caitanya (sentience  or intelligence) and the Existent (Sat) ,,,,,19,42,,ACTA ASIATICA,,,,,,,1,,2015年2月,,,108,,,,,,,,
msk2180,論文-217,GyosekiWord,,,,,,1,1,1,村上,真完,Murakami,Shinkan,ムラカミ,シンカン,東北大学文学部名誉教授,石津照璽先生の捉える存在の極相,,The Ultimate Reality of Existence Ascertained by Prof. Dr. Ishizu Teruji,,,,,-1,-25,,論集,インドガクシュウキョウガクカイ,,,,,印度学宗教学会,1,仙台,2015年12月,,,42,,,,,,,,
msk2190,論文-218,GyosekiWord,,,,,,1,1,1,村上,真完,Murakami,Shinkan,ムラカミ,シンカン,東北大学文学部名誉教授,直接知覚（現量）と超能力（神通）,,,,,,,841,833,,印度学仏教学研究,インドガクブッキョウガクケンキュウ,,,,,日本印度学仏教学会,1,東京,2016年3月,64,2,,,,,,,,,
msk2200,論文-219,GyosekiWord,,,,,,1,1,1,村上,真完,Murakami,Shinkan,ムラカミ,シンカン,東北大学文学部名誉教授,空が分かると和が可能になる,,般若心経類の空思想,,,,,406,381,,友健容博士古稀記念論文集,ユウケンヨウハカシコキキネンロンシュウ,,インド・東南アジア・チベット篇,智慧のともしび アビダルマ佛教の展開,,山喜房仏書林,1,東京,2016年3月,,,,,,,,,,,
msk2210,論文-220,GyosekiWord,,,,,,1,1,1,村上,真完,Murakami,Shinkan,ムラカミ,シンカン,東北大学文学部名誉教授,涅槃,,,,,,,68,69,,上座仏教事典,ジョウザブッキョウジテン,,,,,株式会社めこん,1,東京,2016年10月,,,,,,,,,,,
msk2220,論文-221,GyosekiWord,,,,,,1,1,1,村上,真完,Murakami,Shinkan,ムラカミ,シンカン,東北大学文学部名誉教授,三宝,,,,,,,78,81,,上座仏教事典,ジョウザブッキョウジテン,,,,,株式会社めこん,1,東京,2016年10月,,,,,,,,,,,
msk2230,論文-222,GyosekiWord,,,,,,1,1,1,村上,真完,Murakami,Shinkan,ムラカミ,シンカン,東北大学文学部名誉教授,新将来の北朝鮮（高麗）仏画（小壁画）の問題と整理,,,,,,,-1,-35,,論集,インドガクシュウキョウガクカイ,,,,,印度学宗教学会,1,仙台,2016年12月,,,42,,,,,,,,
msk2240,論文-223,GyosekiWord,,,,,,1,1,1,村上,真完,Murakami,Shinkan,ムラカミ,シンカン,東北大学文学部名誉教授,高昌ベゼクリク窟寺の仏教再考,,誓願画等の流布観音信仰儀礼,,,,,-1,-8,,印度学仏教学研究,インドガクブッキョウガクケンキュウ,,,,,日本印度学仏教学会,1,東京,2017年3月,65,2,,,,,,,,,
msk2250,論文-224,GyosekiWord,,,,,,1,1,1,村上,真完,Murakami,Shinkan,ムラカミ,シンカン,東北大学文学部名誉教授,仏と神の違いの考察,,朝鮮（高麗）寺院壁画の男神・女神から一神教の神,,,,,-1,-31,,論集,インドガクシュウキョウガクカイ,,,,,印度学宗教学会,1,仙台,2017年12月,,,44,,,,,,,,
msk2260,論文-225,GyosekiWord,,,,,,1,1,1,村上,真完,Murakami,Shinkan,ムラカミ,シンカン,東北大学文学部名誉教授,南アフリカの新仏教運動 Sat Chit Anand（sac-cid-ānanda）,,,,,,,-1,-31,,論集,インドガクシュウキョウガクカイ,,,,,印度学宗教学会,1,仙台,2017年12月,,,45,,,,,,,,
msk2270,論文-226,GyosekiWord,,,,,,1,1,1,村上,真完,Murakami,Shinkan,ムラカミ,シンカン,東北大学文学部名誉教授,南アフリカの仏教初探,,国際化する仏教：開放系の思想の実践現場,,,,,1,98,,Acta Tibetica et Buddhica,アクタチベティカエトブッディカ,,,,,身延山大学仏教学部チベット学研究室,1,身延,2018年11月,,,11,,,,,,,,
msk2280,著書-1,GyosekiWord,,,,,,1,1,1,村上,真完,Murakami,Shinkan,ムラカミ,シンカン,東北大学文学部名誉教授,サーンクヤ哲学研究,,インド哲学における自我観,,,,,,,,,,,,,,春秋社,1,東京,1978年7月,22+794+144+23 頁,,,,,,,,,,
msk2290,著書-2,GyosekiWord,,,,,,1,1,1,村上,真完,Murakami,Shinkan,ムラカミ,シンカン,東北大学文学部名誉教授,シルク・ロード遺跡の旅,,,,,,,,,,レグルス文庫 145,,,,,,第三文明社,1,東京,1982年6月,8+240 頁,,,,,,,,,,
msk2300,著書-3,GyosekiWord,,,,,,1,1,1,村上,真完,Murakami,Shinkan,ムラカミ,シンカン,東北大学文学部名誉教授,サーンクヤの哲学,,インドの二元論,,,,,,,,サーラ叢書 27,,,,,,平楽寺書店,1,京都,1982年11月,13+323+35 頁,,,,,,,,,,
msk2310,著書-4,GyosekiWord,,,,,,1,1,1,村上,真完,Murakami,Shinkan,ムラカミ,シンカン,東北大学文学部名誉教授,西域の仏教 ベゼクリク誓願画考,,,,,,,,,,,,,,,,第三文明社,1,東京,1984年2月,18+350+27 頁,,,,,,,,,,
msk2320,著書-5,GyosekiWord,,,,,,1,1,2,村上,真完,Murakami,Shinkan,ムラカミ,シンカン,東北大学文学部名誉教授,真理の月光,,,,,,,,,,,,,,,,講談社,1,東京,1984年8月,7+334+83 頁,,,,,,,,,,
msk2330,著書-6,GyosekiWord,,,,,,1,1,2,村上,真完,Murakami,Shinkan,ムラカミ,シンカン,東北大学文学部名誉教授,仏のことば註,,パラマッタ・ジョーティカー(一),,,,,,,,インド古典叢書,,,,,,春秋社,1,東京,1985年5月,54+539 頁,,,,,,,,,,
msk2340,著書-7,GyosekiWord,,,,,,1,1,2,村上,真完,Murakami,Shinkan,ムラカミ,シンカン,東北大学文学部名誉教授,仏のことば註,,パラマッタ・ジョーティカー(二),,,,,,,,,,,,,,春秋社,1,東京,1986年6月,18+698 頁,,,,,,,,,,
msk2350,著書-8,GyosekiWord,,,,,,1,1,2,村上,真完,Murakami,Shinkan,ムラカミ,シンカン,東北大学文学部名誉教授,仏のことば註,,パラマッタ・ジョーティカー(三),,,,,,,,,,,,,,春秋社,1,東京,1988年1月,24+864 頁,,,,,,,,,,
msk2360,著書-9,GyosekiWord,,,,,,1,1,2,村上,真完,Murakami,Shinkan,ムラカミ,シンカン,東北大学文学部名誉教授,仏のことば註,,パラマッタ・ジョーティカー(四),,,,,,,,,,,,,,春秋社,1,東京,1989年10月,20+506 頁,,,,,,,,,,
msk2370,著書-10,GyosekiWord,,,,,,1,1,2,村上,真完,Murakami,Shinkan,ムラカミ,シンカン,東北大学文学部名誉教授,仏のことば註,,パラマック・ジョーティカー研究　仏と聖典の伝承,,,,,,,,,,,,,,春秋社,1,東京,1990年2月,7+528+45 頁,,,,,,,,,,
msk2380,著書-11,GyosekiWord,,,,,,1,1,1,村上,真完,Murakami,Shinkan,ムラカミ,シンカン,東北大学文学部名誉教授,インド哲学概論,,,,,,,,,,,,,,,,平楽寺書店,1,京都,1991年9月,10+451 頁,,,,,,,,,,
msk2390,著書-12,GyosekiWord,,,,,,1,1,2,村上,真完,Murakami,Shinkan,ムラカミ,シンカン,東北大学文学部名誉教授,新国訳大蔵経文殊経典 1,,,,,,,,,,,,,,,,大蔵出版,1,東京,1994年11月,513 頁,,,,,,,,,,
